4,37,2,0,0,0,0,0,0,0,0,0,0,0,0,0,0,0,0,0,13,0,0,0,0,0,0,5,13,0,0,0,0,0,0,16,0,0,0,0,3,4,7,0,47,0,0,0,0,19,11,15,182,21,0,0,0,0,1,39,151,19,0,0,0,0,0,30,0,0,0,2,43,61,54,10,133,3,0,0,0,28,43,25,182,51,0,0,0,0,1,6,168,49,0,0,0,0,0,0,37,2,0,0,39,89,31,24,181,9,0,0,0,0,11,28,182,8,0,0,0,0,0,19,146,13,0,0,0,1,0,3
5,55,2,0,85,47,3,11,40,2,0,7,160,40,0,0,0,0,0,25,160,2,0,0,59,9,0,11,13,0,0,0,160,31,0,1,124,44,4,15,33,0,0,0,160,40,0,0,0,0,0,4,160,7,0,9,61,1,0,7,16,1,0,30,160,4,0,0,68,74,30,14,8,0,0,3,141,59,1,0,0,0,0,11,160,4,0,3,5,0,0,13,6,0,0,8,15,0,0,0,13,15,16,0,0,0,0,2,16,2,0,0,0,0,0,6,1,0,0,0,0,0,0,0,0,0,0,0,0,0,0,0
5,188,2,0,5,7,6,11,120,65,5,5,148,13,25,21,25,6,0,96,148,9,5,12,21,4,0,107,125,10,2,32,59,9,0,21,25,45,11,22,103,15,1,0,132,60,46,62,47,1,0,19,148,19,7,6,17,18,3,103,122,38,22,6,35,33,2,25,32,42,23,69,38,0,0,0,63,52,13,54,51,0,0,2,148,70,15,7,4,0,0,12,27,59,41,2,1,0,0,2,0,2,3,7,0,0,0,0,0,1,0,1,0,0,0,0,0,0,0,0,0,0,0,0,0,0,0,0,0,0,0,0
16,166,2,0,0,0,1,60,94,8,9,2,94,24,14,59,31,0,0,13,147,9,0,0,10,10,3,35,3,0,0,3,152,90,2,3,23,0,1,51,20,0,6,17,41,20,19,112,28,0,0,2,142,17,3,5,33,8,2,24,7,1,0,28,152,96,2,4,36,12,6,14,6,3,7,13,14,14,27,46,20,5,8,3,39,31,40,13,10,3,1,14,7,11,5,93,152,32,1,3,33,6,4,18,9,2,3,35,43,39,21,11,5,1,1,1,10,24,59,23,34,15,0,0,15,6,3,6,152,152,0,3
17,20,2,0,0,0,15,93,7,0,0,0,134,26,10,53,3,0,0,0,188,38,0,0,0,0,0,1,52,5,0,16,23,0,0,0,0,0,9,68,7,0,0,1,128,34,14,85,12,0,0,0,188,38,1,0,0,0,0,18,62,2,0,7,22,2,0,5,0,0,0,10,3,0,2,12,72,14,11,37,5,0,1,4,188,9,2,0,0,0,0,83,69,0,0,1,12,2,0,31,1,0,0,0,0,0,2,33,22,0,0,0,0,0,2,16,188,0,0,0,0,0,0,111,95,0,1,1,1,0,0,58
18,76,2,0,0,0,1,4,2,3,0,0,107,0,0,2,3,1,0,6,162,3,0,5,25,0,0,9,13,2,2,30,153,0,0,0,1,3,1,10,8,0,0,0,119,0,0,3,12,1,0,8,162,4,0,4,21,0,0,16,28,2,0,38,162,0,0,0,1,3,0,4,21,0,0,0,114,8,1,3,17,0,0,1,162,17,0,3,12,0,0,3,35,2,0,29,162,0,0,0,0,1,2,9,13,0,0,0,77,8,5,4,3,0,0,1,162,3,0,0,7,0,0,15,34,0,0,5,157,1,0,2
21,238,2,0,13,0,0,3,9,5,36,52,150,17,1,0,0,1,9,42,32,11,4,37,65,12,3,5,0,0,0,150,150,1,0,0,42,12,0,26,45,10,7,18,150,39,2,1,0,0,1,31,44,12,12,34,42,5,2,8,0,0,0,150,150,0,0,0,65,55,10,14,50,22,2,5,150,52,1,0,0,0,2,82,43,3,1,19,22,2,9,77,1,0,8,137,76,0,0,1,9,50,53,33,10,0,0,0,34,88,22,4,0,0,1,23,44,39,6,3,1,0,5,30,2,0,4,26,11,3,16,8
23,50,2,0,3,0,0,3,112,24,1,3,68,0,0,0,14,6,1,33,102,0,0,0,0,0,2,68,131,1,0,0,4,0,0,52,8,1,1,40,131,35,1,3,122,5,0,4,13,8,1,19,118,2,0,0,1,1,2,32,131,1,0,0,10,0,0,46,5,7,11,131,121,0,0,0,96,13,3,36,30,0,0,7,120,13,0,0,1,0,0,7,131,22,0,0,9,0,0,5,6,4,1,26,131,2,0,0,34,1,0,9,85,5,1,26,123,6,0,0,0,0,0,23,131,20,0,0,8,0,0,0
24,17,2,0,0,2,0,0,16,181,21,0,16,1,0,0,31,181,30,10,22,3,0,3,6,34,8,7,0,0,0,4,33,1,0,0,11,0,0,0,2,181,66,5,137,19,0,0,0,116,40,19,65,14,0,1,7,0,0,3,0,0,0,3,52,0,0,0,62,2,0,0,0,142,32,19,181,11,0,0,0,2,2,34,66,4,0,0,7,0,0,14,0,0,0,0,56,3,0,0,76,2,0,0,0,3,4,28,170,42,0,0,0,0,0,13,42,19,0,2,4,0,0,1,0,0,0,4,46,1,0,0
41,216,2,0,127,3,0,0,0,0,0,110,91,0,0,2,18,15,3,108,0,0,6,28,55,19,0,1,0,0,2,55,65,3,0,0,115,20,23,16,0,0,0,75,127,16,6,6,2,1,1,127,31,8,24,77,19,0,0,3,0,0,12,125,14,0,0,0,28,60,113,111,0,0,0,1,127,120,31,2,0,0,0,8,80,16,7,82,22,0,0,1,0,1,21,69,7,0,0,0,2,17,125,46,0,0,1,9,37,107,78,0,0,0,0,3,26,32,5,33,12,0,0,0,0,0,8,45,15,0,0,0
42,189,2,2,59,69,4,10,67,37,1,1,74,10,15,22,48,10,1,39,132,8,2,23,44,10,1,44,132,14,3,25,46,11,0,12,14,26,24,27,53,12,0,3,67,13,31,75,78,4,0,14,132,13,5,33,26,2,0,41,115,69,21,45,26,3,0,7,21,3,1,2,29,28,22,36,69,21,2,10,132,28,2,18,132,66,3,6,22,7,1,19,132,14,4,7,13,9,1,37,2,0,0,0,8,38,56,83,75,9,0,3,40,17,31,63,132,31,2,14,12,1,0,10,117,10,3,19,14,2,0,9
49,136,2,0,54,1,0,75,86,0,0,34,55,4,1,1,0,0,0,28,8,6,2,10,5,0,0,8,0,0,0,36,38,0,0,1,47,3,3,165,165,0,0,9,124,14,8,25,3,0,0,17,11,5,6,33,12,0,1,20,3,2,1,34,33,0,0,10,7,2,6,165,156,0,1,1,86,19,19,165,35,0,0,4,24,6,12,47,9,0,0,2,4,10,13,32,13,0,0,3,3,0,0,150,66,1,0,3,6,4,10,165,80,0,0,0,7,3,5,63,15,1,0,0,6,1,1,16,10,0,0,4
53,63,2,0,14,1,0,2,96,7,0,1,111,2,0,0,0,0,0,9,149,10,0,0,16,5,0,9,15,1,0,0,149,45,0,1,22,1,0,0,88,24,0,0,128,4,0,0,0,0,0,9,149,1,0,0,36,9,0,17,17,0,0,0,149,48,0,1,21,20,1,1,38,23,0,0,105,27,2,0,0,0,0,0,149,9,0,0,48,9,0,4,16,0,0,0,149,41,0,1,5,34,10,12,11,1,0,0,64,15,7,5,4,0,0,1,149,1,0,0,45,6,0,6,9,0,0,7,149,15,0,0
65,70,2,0,16,25,3,7,41,19,0,0,101,26,5,1,0,0,0,2,150,2,0,0,77,10,0,11,6,0,0,5,150,22,0,0,3,40,22,34,18,0,0,0,85,22,10,14,19,0,0,5,150,1,0,2,96,5,0,20,9,0,2,27,150,6,0,1,9,20,13,13,8,2,2,2,69,12,5,19,52,0,0,1,150,19,0,1,88,6,0,3,12,0,0,8,150,18,0,0,39,15,2,5,16,0,0,0,60,6,1,7,70,1,0,1,150,24,0,2,81,3,0,0,7,1,0,9,150,9,0,0
66,59,2,0,29,0,0,0,5,1,1,18,74,9,0,0,2,0,0,14,153,17,0,1,59,2,0,2,8,0,0,2,153,12,0,1,28,0,0,0,6,1,0,18,96,1,0,0,0,0,5,43,153,8,0,5,74,0,0,15,11,0,0,15,153,1,0,0,6,1,1,3,5,0,1,18,124,10,0,0,0,0,4,25,153,31,0,5,71,0,0,2,8,2,0,12,153,2,0,0,4,4,3,2,1,1,0,1,116,30,0,0,0,0,0,2,153,34,0,4,58,0,0,0,5,1,0,9,153,3,0,0
68,210,2,0,0,3,0,0,67,95,3,0,100,16,0,0,1,11,6,35,141,1,0,1,11,2,0,77,22,1,0,8,52,9,1,10,1,10,14,10,41,26,0,0,69,29,9,4,1,2,5,19,141,19,0,4,5,0,0,50,50,8,1,36,47,0,0,3,7,56,53,10,10,7,0,0,40,21,81,28,12,15,5,8,141,26,4,3,4,4,7,127,45,4,1,16,44,0,0,36,1,79,28,4,9,108,45,0,2,3,14,9,18,141,111,7,100,1,0,0,2,29,66,141,93,1,0,4,7,2,0,103
74,75,2,0,1,23,14,17,6,0,0,0,76,7,3,18,27,0,0,5,145,2,0,4,82,1,0,18,4,0,0,16,145,5,0,0,31,18,5,8,14,1,1,2,79,3,2,16,71,0,0,5,145,7,0,7,97,0,0,7,10,1,0,21,145,4,0,0,67,13,1,9,24,0,0,2,74,4,0,18,93,0,0,1,145,7,0,3,90,6,0,9,10,0,0,10,145,22,0,0,53,48,6,17,29,0,0,0,46,3,2,24,94,0,0,1,145,1,0,0,66,10,0,14,10,1,0,0,145,28,0,2
74,227,2,0,0,82,132,12,16,3,0,0,1,132,91,1,1,2,2,1,64,132,5,0,1,1,3,13,17,23,2,14,75,3,0,2,11,132,125,0,0,19,28,8,10,88,62,0,1,113,69,13,132,11,0,0,1,18,34,80,29,0,0,6,63,16,4,15,5,4,0,0,2,38,87,19,43,43,2,0,5,87,41,5,132,54,4,1,0,4,19,32,14,1,2,5,11,16,46,18,6,3,0,0,1,5,15,14,69,88,0,0,1,1,2,3,55,127,24,16,0,0,1,1,0,3,21,66,7,5,10,2
75,91,2,0,0,0,0,61,104,0,0,0,55,1,0,16,14,0,0,28,37,3,2,45,31,0,0,18,60,0,0,36,30,0,0,39,0,0,0,122,122,0,0,0,49,2,0,55,39,0,0,11,122,32,12,51,20,0,0,14,22,3,5,97,67,0,0,13,10,0,0,92,122,0,0,8,35,2,0,59,75,0,0,3,122,16,5,35,21,0,0,36,27,3,2,122,122,0,0,5,33,0,0,73,122,0,0,17,7,0,0,60,85,0,0,2,122,0,0,12,16,0,0,76,54,1,0,84,103,0,0,30
77,221,2,0,76,0,0,17,20,1,5,95,141,0,1,1,2,2,15,141,7,0,7,13,13,16,98,51,3,5,6,9,17,23,33,23,45,10,13,60,15,0,0,15,141,36,4,7,17,2,1,103,52,3,0,28,131,24,41,46,26,5,1,3,8,6,32,135,27,26,24,51,7,3,0,0,141,72,6,4,7,8,5,30,38,2,0,18,102,55,10,20,8,0,1,6,13,14,8,55,14,25,141,83,4,2,0,0,71,58,113,21,1,5,5,10,6,2,18,42,16,45,10,6,2,1,3,9,13,9,3,5
80,95,2,0,3,0,0,37,135,0,0,0,31,7,0,25,48,0,0,2,83,39,7,28,23,0,0,4,27,1,2,40,61,0,0,6,9,0,0,23,135,3,0,3,55,8,0,24,76,0,0,0,135,41,5,33,49,0,0,2,18,2,1,58,135,0,0,3,21,0,0,40,135,0,0,2,44,0,0,19,92,2,0,6,135,4,0,18,48,0,0,37,22,1,0,61,135,0,0,4,26,0,0,15,135,1,0,5,16,0,0,9,95,2,0,5,135,5,0,5,25,0,0,39,29,1,0,34,135,0,0,5
90,52,2,0,45,6,1,3,1,0,0,9,94,4,0,0,0,0,0,43,85,6,2,49,34,0,0,21,0,0,0,143,143,0,0,0,23,38,5,6,2,0,0,1,82,16,2,4,8,0,0,29,143,26,9,38,7,0,0,24,5,6,6,143,143,0,0,0,50,9,0,0,2,1,0,4,89,6,0,4,25,1,0,3,143,30,6,17,4,0,0,15,32,9,7,143,143,0,0,1,33,20,0,1,1,0,0,0,52,5,1,7,14,0,0,2,143,2,0,2,2,0,0,28,62,2,0,61,108,0,0,4
91,208,2,0,31,13,1,0,0,18,84,17,96,24,9,2,0,6,42,34,191,14,0,0,0,0,2,57,42,0,0,0,6,7,2,8,64,46,3,0,0,0,0,2,151,28,7,0,0,0,0,11,191,17,0,0,0,0,0,12,56,2,0,0,16,25,1,2,9,36,34,8,0,0,0,0,132,32,4,2,0,0,0,10,191,11,0,0,0,0,0,34,63,2,0,9,80,25,0,4,1,7,15,28,0,0,0,0,59,10,5,13,0,0,0,15,191,8,0,0,0,0,0,72,74,6,10,31,32,0,0,10
96,79,2,0,5,0,0,0,36,14,0,0,47,6,0,4,27,18,1,3,146,28,0,10,88,1,0,3,41,4,0,16,146,0,0,0,5,0,0,2,53,19,0,0,74,0,0,3,42,22,1,9,146,4,0,1,112,6,0,18,45,0,0,3,146,7,0,4,2,0,0,2,39,27,0,1,88,4,0,2,50,27,0,2,146,21,0,2,114,2,0,2,39,2,0,5,146,3,0,2,1,0,0,0,27,32,1,1,79,14,0,2,22,18,1,1,146,31,0,7,90,0,0,0,23,1,0,7,146,1,0,2
96,131,2,0,2,0,0,6,9,1,0,1,118,1,1,6,7,1,0,18,155,1,0,29,68,0,0,36,1,0,0,49,120,0,0,0,2,4,1,11,12,0,0,0,113,5,2,11,6,0,0,7,155,13,0,34,47,0,0,20,11,2,0,89,155,0,0,0,0,2,4,12,11,0,0,0,88,11,6,6,2,0,0,6,155,18,0,14,40,0,0,38,22,1,0,54,155,0,0,3,0,1,4,19,5,0,0,0,29,5,7,7,0,0,0,8,155,0,0,2,19,0,0,96,33,0,0,27,155,1,0,17
103,137,2,0,0,2,3,5,6,0,0,0,47,26,3,5,4,0,0,0,159,105,0,4,16,0,0,0,23,14,0,14,159,7,0,0,0,2,4,17,3,0,0,0,110,16,5,5,0,0,0,1,159,40,0,0,36,6,0,7,20,3,0,1,159,32,0,1,0,1,4,9,3,1,1,1,104,5,4,6,2,0,0,2,159,4,0,0,42,12,0,17,15,0,0,1,159,38,0,2,1,0,2,7,4,1,1,2,84,5,0,1,3,3,2,3,159,21,0,0,41,4,0,1,9,2,3,9,159,11,0,0
108,175,2,0,15,37,17,0,0,0,2,8,87,55,13,0,0,0,0,34,180,19,0,0,0,0,0,68,85,0,0,0,0,0,1,36,69,35,3,0,2,0,0,0,111,52,7,0,0,0,1,5,180,44,0,0,0,0,0,12,119,2,0,0,0,0,0,37,70,18,0,0,1,0,1,9,129,3,0,0,0,0,6,25,180,2,0,0,0,0,0,55,94,0,0,0,0,0,1,50,34,4,0,0,0,0,2,16,99,1,0,0,0,0,1,18,180,0,0,0,0,0,0,61,108,2,1,6,4,0,0,20
108,247,2,0,73,0,0,0,0,0,0,0,178,8,0,0,0,0,0,1,106,15,0,0,0,0,0,1,18,2,0,0,41,6,0,4,90,0,0,0,0,0,0,1,178,3,0,0,0,0,0,10,133,24,0,0,0,0,0,2,14,14,0,0,67,19,0,0,82,0,0,0,0,0,0,4,178,2,0,0,0,0,0,17,162,26,0,0,2,1,0,3,6,11,0,0,108,40,0,0,59,0,0,0,0,0,0,1,178,1,0,0,0,0,0,12,140,5,0,0,7,4,0,5,3,0,0,0,97,43,0,0
109,202,2,0,64,9,8,10,0,0,0,28,189,4,1,3,4,0,0,152,59,25,44,63,33,0,0,15,36,47,23,11,2,0,0,0,40,12,10,32,5,0,0,3,189,57,1,1,0,0,0,34,147,13,19,13,0,0,0,11,4,5,14,18,4,1,0,0,43,5,1,7,19,5,0,3,189,16,0,0,0,0,0,38,139,4,0,0,1,2,6,30,1,0,0,3,6,5,4,9,25,0,0,4,13,8,1,11,189,10,0,0,1,0,0,40,118,7,0,0,22,7,4,15,7,2,1,0,6,2,4,14
116,247,2,0,57,0,0,0,0,0,0,1,174,3,0,0,0,0,0,6,90,26,0,0,1,0,0,1,5,9,0,0,82,30,0,0,68,0,0,0,0,0,0,1,174,4,0,0,0,0,0,8,141,17,0,0,12,7,0,2,2,3,0,0,135,51,0,0,65,0,0,0,0,0,0,0,174,2,0,0,0,0,0,7,141,2,0,0,32,15,0,5,1,0,0,0,124,57,0,0,51,0,0,0,0,0,0,0,174,3,0,0,0,0,0,3,110,4,0,4,46,4,0,2,0,1,0,12,108,9,0,0
121,152,2,0,0,0,6,24,9,0,0,0,104,0,0,8,18,1,1,9,160,0,0,3,57,2,0,22,14,1,3,27,150,4,0,1,0,0,1,38,21,0,0,0,113,2,0,21,40,0,0,4,160,6,0,2,51,17,1,33,27,1,0,3,153,52,1,4,0,0,0,14,34,2,0,0,88,12,6,23,37,0,0,2,160,18,1,4,42,40,11,41,32,1,0,4,131,114,22,19,1,0,1,1,13,13,6,0,37,35,15,5,6,2,3,7,90,32,3,0,45,86,24,32,18,0,0,0,43,137,48,22
121,203,2,0,35,5,0,4,14,4,0,1,200,26,0,0,0,0,0,12,127,7,0,0,0,1,4,20,1,0,0,3,3,4,3,7,46,1,0,3,15,12,2,13,200,36,0,0,1,0,0,27,137,17,0,0,21,11,5,15,7,2,0,0,4,3,6,19,35,15,1,23,19,6,1,9,200,67,0,1,4,0,0,44,153,8,0,0,52,8,1,12,32,8,5,1,16,6,0,4,46,17,1,4,8,9,0,4,200,59,0,0,2,0,0,13,99,8,1,3,29,3,0,3,34,4,0,1,39,10,0,1
122,87,2,0,51,12,1,14,161,9,0,3,141,22,0,0,4,1,0,2,31,2,0,0,31,10,0,1,161,1,0,0,5,1,0,12,65,15,0,6,161,31,1,2,153,19,0,0,4,1,0,2,25,1,0,1,29,11,1,3,161,2,0,0,5,2,0,9,50,23,0,0,127,67,2,6,112,13,0,0,2,3,1,7,16,1,0,1,16,20,7,7,161,2,0,0,4,7,4,31,26,19,2,2,20,25,3,4,77,4,0,0,5,5,2,13,13,6,2,4,16,3,0,1,161,15,0,3,9,1,0,3
126,229,2,0,22,10,3,87,134,0,0,5,29,21,22,6,0,1,2,7,59,50,13,2,0,0,1,13,40,16,4,12,3,0,0,6,20,1,0,114,164,0,0,10,101,19,7,4,5,0,0,25,49,60,10,0,0,0,0,1,38,13,0,1,2,1,1,5,5,4,3,164,164,0,0,0,108,24,7,58,14,0,0,9,85,17,0,0,0,0,0,3,26,8,0,1,1,0,0,0,5,1,1,164,153,0,0,3,25,14,10,164,58,0,0,0,64,12,1,3,0,0,0,0,17,13,1,0,0,0,0,0
127,151,2,0,28,1,0,8,24,0,0,0,144,10,0,0,8,5,0,5,58,0,0,0,121,48,1,4,63,21,0,0,38,16,0,0,36,8,1,13,31,0,0,0,144,39,1,2,16,7,2,10,45,5,0,3,144,75,4,6,144,23,0,0,25,30,3,16,26,24,16,7,9,0,0,0,144,35,4,0,13,52,20,34,15,0,0,0,56,144,76,18,144,1,0,0,7,30,29,85,22,18,5,0,1,2,7,12,20,17,1,0,49,55,28,24,10,2,0,1,77,93,24,6,144,9,0,0,0,2,10,41
129,17,2,0,130,18,0,0,0,0,0,4,159,4,0,0,0,0,0,14,79,1,0,0,3,0,0,4,0,0,0,9,98,0,0,0,153,8,0,0,0,0,0,12,159,10,0,0,0,0,0,10,100,6,0,0,4,0,0,2,0,0,0,8,111,0,0,0,159,9,0,0,0,0,0,17,159,8,0,0,0,0,0,11,102,2,0,0,4,0,0,6,0,0,0,6,96,0,0,0,146,21,0,0,0,0,0,4,159,5,0,0,0,0,0,7,86,2,0,0,3,0,0,2,0,0,0,3,68,0,0,0
136,30,2,0,21,1,0,0,0,0,0,16,95,5,0,0,0,0,0,55,157,2,0,0,0,0,0,38,157,0,0,0,0,0,0,31,12,2,0,0,0,0,0,10,104,5,0,0,0,0,0,55,157,8,0,0,0,0,0,43,157,1,0,0,0,0,0,37,18,4,0,0,0,0,0,2,113,43,0,0,0,0,0,3,157,36,0,0,0,0,0,21,157,0,0,0,0,0,0,48,25,3,0,0,0,0,0,4,105,53,0,0,0,0,0,1,140,26,0,0,0,0,0,20,157,1,0,0,0,0,0,30
142,210,2,0,0,2,1,10,9,3,0,0,88,22,3,8,4,4,0,8,208,42,0,0,1,0,0,10,72,8,3,5,16,1,0,1,0,7,8,16,10,0,0,0,105,17,3,15,18,4,4,26,208,26,0,0,0,0,0,49,93,19,10,6,1,0,0,2,1,7,7,7,19,5,0,0,99,28,23,19,19,3,1,5,208,49,2,0,0,0,0,11,120,10,0,0,1,0,0,7,0,7,23,11,6,0,0,0,83,21,11,11,14,0,0,1,208,47,0,0,0,0,0,8,78,10,0,0,2,0,0,3
141,218,2,1,1,0,0,0,175,175,1,1,22,3,0,0,77,55,23,18,14,1,0,0,0,11,38,28,1,0,0,0,5,42,17,5,3,1,1,8,175,175,6,4,46,16,2,4,40,34,26,28,20,12,0,0,8,19,17,10,5,0,0,0,14,23,12,10,1,1,1,13,175,154,2,2,40,7,2,6,19,13,7,31,6,0,0,0,3,16,28,10,2,0,0,0,7,30,14,2,2,5,0,2,175,133,2,2,23,19,2,0,4,7,2,14,4,1,0,0,3,22,4,2,1,0,0,0,7,49,6,1
143,90,2,0,3,2,0,2,3,0,0,0,96,1,0,2,7,0,0,4,173,0,0,0,15,10,1,17,24,0,0,0,70,81,12,10,6,0,0,0,4,2,0,2,112,1,0,0,14,4,0,7,173,3,0,5,40,3,0,11,56,3,0,30,173,23,2,7,5,0,0,0,4,2,1,2,104,4,0,1,9,5,1,8,173,19,1,13,17,0,0,11,49,11,3,98,138,0,0,0,1,0,0,0,4,5,1,1,71,0,0,0,9,9,2,14,173,2,0,3,5,0,0,31,51,2,0,38,122,0,0,3
147,227,2,0,71,12,0,0,0,0,0,14,37,47,4,0,0,0,0,8,20,23,17,51,16,0,0,3,29,50,32,44,13,0,0,8,115,18,8,24,0,0,0,6,33,14,10,10,0,0,6,53,76,26,18,18,4,0,1,42,20,95,52,27,4,0,0,0,51,12,20,188,31,0,0,9,45,25,42,23,1,0,0,21,131,47,22,3,0,0,0,21,78,53,19,11,0,0,0,11,3,0,2,188,186,1,0,3,46,9,6,182,22,0,0,45,56,8,8,14,2,0,1,52,82,6,1,1,0,0,10,54
148,28,2,0,52,17,0,0,0,0,0,1,137,30,0,0,0,0,0,10,137,1,0,0,0,0,0,41,137,0,0,0,0,0,0,49,87,41,0,0,0,0,0,1,129,39,0,0,0,0,0,18,137,1,0,0,0,0,0,50,137,0,0,0,0,0,0,46,137,20,0,0,0,0,0,1,93,49,0,0,0,0,0,1,137,29,0,0,0,0,0,20,137,0,0,0,0,0,0,73,107,7,0,0,0,0,0,10,96,46,0,0,0,0,0,5,72,46,0,0,0,0,0,4,137,1,0,0,0,0,0,54
149,237,2,0,0,0,0,5,14,8,0,0,50,3,0,3,21,2,0,1,172,7,0,2,14,2,0,6,11,0,0,23,172,5,0,1,1,0,0,0,9,17,3,2,63,2,0,1,16,6,1,5,172,11,0,2,13,2,0,19,14,2,0,47,172,3,0,3,1,0,0,1,6,10,4,4,67,1,0,0,7,9,2,8,172,25,1,3,13,0,0,9,15,5,1,30,172,2,0,0,0,0,0,0,4,8,2,0,49,0,0,0,3,16,3,12,172,0,0,1,11,0,0,30,17,0,0,26,172,1,0,2
150,95,2,0,4,0,0,0,2,1,0,1,69,7,0,0,9,2,0,1,167,32,0,6,20,0,0,0,38,9,1,40,133,3,0,0,2,0,0,0,3,6,1,1,103,3,0,0,5,11,3,11,167,24,0,8,13,0,0,8,40,11,2,59,143,0,0,0,0,0,0,0,6,6,2,2,121,6,0,0,14,7,0,3,167,23,0,2,10,0,0,2,45,4,0,22,167,1,0,2,3,1,0,0,6,2,0,1,105,26,0,0,10,1,0,0,167,62,0,1,6,0,0,0,27,6,0,15,142,2,0,0
154,22,2,0,77,33,0,0,0,0,0,4,170,15,0,0,0,0,0,7,170,22,0,0,0,0,0,1,47,4,0,0,0,0,0,2,56,68,0,0,0,0,0,0,170,42,0,0,0,0,0,4,170,13,0,0,0,0,0,13,53,7,3,1,1,0,0,1,43,97,0,0,0,0,0,0,165,49,0,0,0,0,0,3,170,1,0,0,0,0,0,24,66,3,1,1,3,0,0,8,57,45,0,0,0,0,0,0,89,19,1,0,0,0,0,3,170,2,0,0,0,0,0,22,63,0,0,0,2,0,0,10
154,98,2,0,10,0,0,0,3,2,0,1,100,1,0,0,5,6,2,15,166,6,1,27,36,0,0,23,23,8,2,58,98,0,0,2,8,0,0,0,4,6,2,2,109,1,0,0,17,6,1,14,166,3,0,11,30,0,0,34,26,1,0,47,165,2,0,6,9,0,0,0,8,4,0,1,111,13,0,1,16,0,0,1,166,37,0,5,15,0,0,3,31,3,0,42,166,3,1,0,7,1,0,0,6,1,0,0,107,12,0,1,7,1,0,1,166,27,0,1,7,0,0,1,22,2,0,30,138,3,0,0
158,141,2,0,12,2,0,0,0,12,7,7,128,13,0,0,0,12,4,4,175,38,0,0,0,0,0,2,25,4,0,1,9,7,1,1,13,0,0,0,0,14,10,5,175,3,0,0,0,1,1,20,175,10,0,0,2,0,0,19,31,1,0,2,24,10,0,1,12,7,0,0,2,5,1,4,175,8,0,0,0,0,1,22,175,43,0,0,4,1,0,5,24,3,0,2,50,30,0,0,6,7,0,0,0,11,2,0,153,52,0,0,0,12,7,14,175,89,0,1,6,0,0,3,9,2,0,3,91,69,0,0
158,177,2,0,0,0,0,4,48,8,0,0,72,0,0,0,66,15,2,40,134,0,0,0,1,1,6,99,23,0,0,2,1,2,16,79,0,0,0,43,72,0,0,0,65,1,0,10,134,15,1,31,134,7,0,0,5,2,1,110,41,4,0,1,0,0,2,32,0,0,0,49,127,0,0,0,62,43,2,29,134,1,0,2,134,111,2,2,6,0,0,12,54,13,0,0,0,0,2,20,0,0,0,34,134,0,0,0,74,88,6,23,76,0,0,0,104,134,12,14,26,3,0,4,12,0,0,3,10,3,8,34
158,191,2,0,45,53,0,0,0,36,4,1,148,144,0,0,0,1,0,10,148,13,0,0,4,0,0,28,16,0,0,8,36,5,1,1,117,148,0,0,0,14,3,1,131,63,0,0,1,1,4,48,148,5,0,0,3,0,0,61,33,0,0,9,49,2,0,3,69,137,3,0,0,0,0,1,102,34,1,1,3,1,1,6,148,51,0,0,2,0,0,4,29,3,0,4,37,3,0,0,16,35,5,0,0,0,0,3,85,51,3,0,0,0,0,1,148,39,0,0,2,0,0,0,17,1,0,4,34,1,0,0
164,37,2,0,29,11,0,0,0,0,0,11,125,33,0,0,0,0,0,18,159,57,0,0,0,0,0,14,69,92,0,0,0,0,0,0,27,9,2,0,0,0,0,22,111,4,0,0,0,0,0,82,159,28,0,0,0,0,0,52,113,49,0,0,0,0,0,1,13,9,1,0,0,0,0,6,144,28,0,0,0,0,1,16,159,49,0,0,0,0,0,11,134,4,0,0,0,0,0,19,8,7,1,4,5,0,0,5,146,67,0,0,0,0,0,3,159,104,0,0,0,0,0,2,59,11,0,0,0,0,1,32
173,133,2,1,0,1,22,6,0,0,130,22,10,6,14,4,0,1,132,74,126,11,0,0,0,1,132,124,35,0,0,0,18,86,106,34,0,2,13,6,0,1,22,12,30,11,21,4,1,8,21,15,132,26,3,2,1,8,17,51,17,0,0,9,20,132,55,17,7,9,16,3,0,0,18,41,20,37,50,2,0,0,6,38,57,73,14,9,7,10,17,34,1,3,1,58,70,50,11,2,4,57,39,0,0,0,1,13,6,76,130,0,0,0,6,34,8,72,132,1,1,7,23,36,0,13,132,21,15,29,10,0
175,139,2,1,21,0,0,0,0,29,45,83,5,0,1,3,51,48,20,41,0,0,22,42,88,44,3,0,20,16,20,17,5,6,8,6,16,7,2,0,2,7,10,51,45,8,7,8,9,11,16,61,4,5,31,59,42,15,2,1,4,98,61,29,22,1,0,0,10,32,4,0,0,2,12,7,40,27,1,0,0,7,47,20,14,193,19,2,15,26,24,5,0,193,109,1,4,1,0,0,12,14,0,0,0,1,24,9,40,149,0,0,0,1,17,3,62,193,3,0,0,0,2,0,9,193,12,0,0,1,3,1
175,147,2,0,6,9,6,8,14,17,7,12,69,16,5,1,0,0,3,43,198,69,0,0,0,0,0,30,66,15,1,3,7,0,0,3,1,32,40,40,11,0,0,0,121,36,29,24,2,0,0,1,198,65,0,0,0,0,0,9,62,9,1,1,6,4,0,4,2,9,10,11,8,9,20,17,101,5,5,17,20,15,4,17,198,2,0,0,0,0,0,74,67,0,0,1,8,10,2,16,14,0,0,0,1,8,15,17,50,0,0,0,6,26,5,24,198,0,0,0,0,0,0,136,84,0,0,6,10,1,0,38
189,101,2,0,0,6,2,5,136,24,0,0,40,8,5,14,11,2,0,4,128,2,0,1,12,0,0,19,11,0,0,17,136,0,0,1,0,7,12,93,108,3,0,0,31,7,7,29,52,7,0,6,136,5,0,1,17,5,0,16,17,1,0,20,136,13,0,0,0,0,1,94,112,3,0,0,27,3,1,59,99,1,0,0,136,12,2,12,23,3,0,1,14,2,2,88,136,11,0,0,0,0,0,4,105,47,0,0,13,1,0,20,86,9,0,2,136,7,3,9,17,0,0,21,31,7,9,110,57,0,0,3
190,70,2,0,0,2,2,0,0,195,151,1,48,0,0,0,0,195,72,40,20,0,0,0,15,23,6,13,0,0,1,4,14,16,0,0,7,0,0,0,2,195,48,5,164,5,0,0,0,12,10,28,45,3,0,2,23,4,0,4,0,6,6,4,12,0,0,0,22,0,0,0,11,32,7,5,195,15,0,0,0,1,1,10,39,9,13,4,6,2,0,2,0,13,11,4,4,7,0,0,32,4,0,0,1,13,4,4,178,36,0,0,0,0,0,1,28,15,11,2,7,8,0,0,0,0,3,2,11,29,0,0
191,213,2,0,7,6,9,4,1,0,1,4,56,23,18,7,1,3,1,2,184,57,2,0,0,0,0,22,65,10,2,0,10,4,3,12,15,0,0,0,1,7,5,18,109,7,0,0,3,9,6,19,184,38,0,0,1,0,0,14,74,8,1,1,34,17,4,2,36,6,0,1,10,7,0,7,141,5,0,0,23,21,3,24,184,35,0,0,2,0,0,58,60,6,0,3,79,17,0,10,12,3,0,1,9,5,4,13,59,0,0,0,39,10,5,42,184,0,0,0,1,1,2,184,67,0,0,0,72,23,0,32
196,215,2,0,18,1,0,0,1,9,4,9,19,1,0,0,2,6,5,9,162,58,0,0,0,2,1,5,162,58,0,0,2,2,0,0,29,11,1,2,6,6,1,3,51,7,0,0,19,27,2,5,162,89,0,0,1,4,1,9,162,54,0,0,21,6,0,3,15,4,0,1,4,5,5,15,49,2,0,0,42,23,4,19,162,10,0,0,2,2,1,111,158,4,0,0,28,21,1,36,5,1,0,0,1,4,15,21,13,2,0,1,33,18,5,19,162,13,0,1,5,3,2,56,156,4,0,0,37,20,0,11
199,18,2,0,38,0,0,0,17,3,0,18,157,10,0,0,0,0,0,115,126,3,0,0,2,0,0,41,0,0,0,7,81,0,0,0,48,4,0,1,22,6,0,4,157,90,0,0,0,0,0,20,157,39,0,0,1,0,0,11,2,0,0,8,85,0,0,0,53,13,2,12,18,0,0,1,157,18,0,0,0,0,0,93,140,4,0,0,0,0,0,79,5,0,0,9,68,0,0,1,28,14,1,11,9,0,0,0,157,32,0,0,0,0,0,48,157,22,0,0,0,0,0,46,11,0,0,4,45,0,0,1
204,213,2,0,16,9,1,1,5,4,0,3,78,13,0,0,15,20,2,5,165,74,0,0,1,1,0,12,40,15,0,0,37,24,0,2,7,0,0,0,6,7,10,21,86,4,0,0,30,20,6,40,165,17,0,0,2,4,1,73,47,1,0,0,84,71,0,6,9,7,14,5,5,6,7,14,96,28,3,4,21,14,3,8,165,55,0,0,10,4,0,6,33,2,0,0,164,67,0,1,1,7,15,18,33,3,0,0,108,42,0,3,16,5,4,11,165,80,0,0,12,8,0,2,13,1,0,0,165,79,0,0
212,35,2,0,91,132,0,0,0,0,0,0,132,132,0,0,0,0,0,0,51,17,0,3,41,12,0,1,38,38,3,4,29,7,0,0,132,132,0,0,0,0,0,1,132,54,1,0,0,0,0,7,43,18,5,14,50,6,0,1,78,80,4,5,16,0,0,0,91,64,0,0,0,1,6,12,132,3,0,0,1,4,4,43,50,52,4,2,17,18,2,10,88,132,7,0,2,0,0,0,28,5,0,0,0,6,7,16,132,3,0,0,0,2,2,73,93,51,0,0,0,1,0,15,132,44,0,0,0,0,0,3
213,151,2,0,2,4,0,1,14,4,0,0,118,2,0,0,10,4,0,8,140,30,0,3,18,3,0,4,23,7,1,7,95,27,2,9,2,1,0,0,11,37,3,1,132,2,0,0,4,14,5,30,140,6,0,0,40,27,0,44,58,12,0,0,133,86,2,13,4,4,0,0,24,27,1,0,135,49,0,0,0,4,2,6,140,46,0,0,66,25,1,11,98,47,0,1,117,40,0,1,5,2,1,8,23,7,2,4,84,15,0,0,1,1,13,62,140,12,0,0,54,19,4,86,133,21,0,0,67,16,1,2
214,44,2,0,37,8,2,6,1,0,0,1,158,21,0,0,0,0,0,5,158,4,0,0,0,0,0,76,47,3,3,15,8,0,0,25,50,1,1,12,13,0,0,5,158,24,0,0,0,0,0,6,158,8,0,0,0,0,0,102,91,1,0,3,9,3,0,115,44,12,6,42,11,0,0,0,158,29,0,2,0,0,0,13,95,2,0,0,0,7,13,60,59,0,0,0,1,3,5,158,34,9,5,22,22,5,0,0,158,15,0,1,1,0,0,17,40,0,0,0,2,8,9,33,16,0,0,0,1,5,4,105
218,142,2,0,136,9,3,9,5,0,0,28,27,5,4,33,67,6,4,17,96,45,2,3,17,8,4,17,60,19,0,33,44,0,0,1,136,0,0,1,9,1,0,82,65,2,0,8,136,31,2,34,136,26,0,0,20,8,2,35,59,13,0,16,12,0,0,0,136,2,0,0,4,3,0,74,111,5,0,7,136,18,0,31,136,38,0,2,28,1,0,7,43,12,0,1,2,0,0,0,123,5,0,0,1,0,3,45,90,0,0,13,105,6,3,46,136,1,0,3,24,0,0,34,33,1,0,0,0,0,2,11
219,61,2,0,80,0,0,10,29,4,2,103,0,3,15,35,40,4,0,2,3,4,23,65,10,0,0,1,141,3,10,21,2,0,0,47,141,0,0,1,6,5,3,141,16,3,4,16,22,15,4,11,51,18,33,39,6,0,0,7,106,5,23,51,27,1,0,24,141,4,0,1,0,0,0,141,61,15,17,44,8,0,0,19,83,10,5,15,23,1,0,4,60,0,0,6,95,9,0,18,141,2,0,0,0,0,0,141,97,6,2,14,22,3,2,141,33,5,0,7,26,6,4,11,22,0,0,1,83,20,2,16
222,152,2,0,11,28,0,0,0,4,2,0,120,106,0,0,0,0,0,0,111,42,0,0,41,66,4,2,26,44,0,0,48,69,1,1,48,28,0,0,0,0,3,23,120,104,0,0,4,5,0,19,52,35,0,1,109,87,1,2,97,120,0,0,25,22,0,0,45,0,0,0,7,4,14,58,120,3,0,0,6,18,6,103,64,26,0,0,66,83,6,15,120,108,0,0,4,2,0,0,39,0,0,16,18,1,0,16,120,0,0,0,1,8,4,64,86,55,0,0,8,22,4,12,119,74,0,0,0,0,0,0
222,147,2,0,134,0,0,0,8,2,0,66,33,1,0,2,134,29,1,20,134,17,0,0,20,8,1,25,66,13,0,0,0,0,0,0,134,2,0,0,5,2,0,55,76,3,0,6,134,16,0,17,134,39,0,2,28,1,0,2,65,16,0,0,0,0,0,0,134,5,0,0,2,0,2,54,80,0,0,16,134,7,2,35,134,1,0,4,29,0,0,32,64,1,0,0,0,0,1,15,28,0,0,0,1,1,17,108,35,0,0,0,41,16,11,112,134,0,0,0,18,4,0,30,61,0,0,0,0,0,2,15
231,29,2,0,31,9,0,0,0,4,5,13,135,4,0,0,0,2,2,56,67,43,0,0,0,1,0,10,140,49,0,0,0,0,0,3,16,1,0,0,0,2,11,17,140,19,0,0,0,1,3,20,140,16,0,0,0,0,0,17,140,76,0,0,0,0,0,4,31,2,0,0,0,0,5,14,140,17,0,0,0,0,0,15,140,18,0,0,0,0,0,38,140,80,0,0,0,0,0,5,37,2,0,0,0,0,1,14,140,18,0,0,0,0,0,13,140,61,0,0,0,0,0,9,140,92,0,0,0,0,0,1
231,127,2,0,6,2,0,65,113,0,0,0,82,11,2,67,78,0,0,3,127,18,0,12,29,0,0,8,9,1,0,47,127,0,0,1,7,1,0,66,66,0,0,0,55,5,2,127,122,0,0,6,127,8,1,15,28,0,0,34,14,0,0,58,127,0,0,2,5,3,0,21,26,0,0,0,15,10,5,127,127,0,0,0,127,42,6,28,20,0,0,4,19,3,0,65,127,0,0,0,2,2,0,3,11,0,0,0,3,2,1,45,85,0,0,0,93,10,2,18,19,0,0,6,17,0,0,41,111,0,0,4
231,127,2,0,134,77,0,0,10,2,0,0,65,24,0,0,38,51,1,0,67,12,0,0,29,44,3,5,48,23,0,0,0,0,0,0,134,102,0,0,9,7,0,0,39,11,0,0,88,134,6,5,134,17,0,0,14,48,9,18,61,15,0,0,0,2,0,0,134,78,0,0,26,29,1,0,39,2,0,0,134,129,1,5,134,12,0,0,12,14,1,8,54,3,0,0,2,9,0,0,58,30,0,0,55,54,1,0,49,5,0,0,79,112,2,5,134,29,0,0,1,4,1,4,32,2,0,0,7,30,0,0
250,218,2,0,0,0,0,7,25,15,2,0,71,29,9,13,6,8,7,4,176,89,0,0,2,2,0,8,52,10,0,0,106,123,3,3,0,0,0,2,7,15,7,3,90,7,4,5,3,19,11,31,176,12,0,0,8,0,0,63,53,2,0,20,176,41,0,5,4,2,0,0,17,11,0,2,77,63,5,1,9,11,1,5,176,93,0,2,3,0,0,8,54,17,0,99,176,0,0,0,1,2,0,0,5,1,0,0,20,20,0,0,1,0,0,0,68,30,0,0,0,0,0,0,8,5,0,25,38,0,0,0
253,22,2,0,167,0,0,0,0,0,0,20,179,6,0,0,0,0,0,7,179,13,0,0,0,0,0,7,89,1,0,0,0,0,3,7,179,4,0,0,0,0,0,15,179,5,0,0,0,0,0,16,179,17,0,0,0,0,0,9,89,11,6,0,0,1,4,9,100,8,0,0,0,0,0,0,104,7,0,0,0,0,0,2,179,10,0,0,0,0,0,2,32,15,12,0,0,0,0,0,0,0,0,0,0,0,0,0,0,0,0,0,0,0,0,0,0,0,0,0,0,0,0,0,0,0,0,0,0,0,0,0
4,164,2,0,0,0,0,0,0,0,0,0,0,0,0,0,0,0,0,0,0,0,0,0,0,0,0,0,0,0,0,0,3,4,0,0,0,0,0,0,11,11,13,21,15,2,0,4,110,34,4,7,149,9,0,1,13,5,2,54,36,0,0,1,129,93,3,14,28,0,0,2,24,21,24,71,24,25,12,81,149,29,7,6,149,97,10,18,20,15,3,15,49,5,1,2,149,149,5,8,68,24,2,3,4,3,2,11,15,19,16,58,53,3,1,1,82,60,12,14,59,50,1,2,37,23,1,1,149,149,4,2
4,164,2,0,148,148,3,3,36,17,1,2,53,32,1,3,85,55,14,18,48,3,1,2,15,16,15,61,3,5,3,17,71,19,1,2,148,148,5,9,49,4,1,2,21,13,3,19,148,83,10,21,148,25,7,7,23,21,11,87,24,21,29,72,21,0,0,2,148,94,2,16,35,0,0,2,13,4,2,68,148,6,0,1,110,26,4,8,15,2,0,5,11,9,11,14,0,0,0,0,8,7,0,0,0,0,0,0,0,0,0,0,0,0,0,0,0,0,0,0,0,0,0,0,0,0,0,0,0,0,0,0
11,194,2,2,49,0,0,3,71,21,3,24,157,11,2,3,1,1,2,33,138,11,7,26,7,4,10,20,157,0,0,0,10,4,3,50,53,12,28,11,45,30,0,8,157,21,8,4,3,1,0,34,157,19,6,23,36,8,1,8,157,15,0,0,4,19,8,47,25,43,34,28,15,0,0,0,157,54,10,7,3,2,2,11,140,52,15,1,9,18,4,11,125,29,1,2,31,53,7,13,5,15,7,12,3,0,0,0,75,47,5,3,1,0,0,0,22,51,19,0,0,0,0,0,13,23,3,6,32,7,1,1
19,55,3,0,5,3,0,0,115,102,0,0,15,9,0,3,81,29,0,0,123,85,0,1,6,1,0,2,101,49,0,0,3,3,0,1,0,0,0,0,123,74,0,0,38,4,0,1,63,45,2,12,123,25,0,0,2,4,1,64,123,34,0,0,22,17,0,14,0,0,0,5,123,15,0,0,34,45,3,6,75,16,0,2,123,100,0,0,1,1,0,17,123,41,0,0,51,44,0,4,0,0,3,6,123,5,0,0,32,69,11,8,24,1,0,0,123,94,0,0,0,0,0,0,59,27,0,1,74,29,0,0
23,24,3,0,0,0,3,82,7,5,2,0,136,6,7,13,0,0,0,40,166,2,0,16,22,0,0,60,13,0,0,109,108,0,0,1,0,0,7,122,13,0,0,0,128,20,31,69,0,0,0,2,166,10,1,5,5,0,0,19,32,0,0,101,79,0,0,1,0,0,5,33,3,0,1,13,63,14,23,80,0,0,0,2,166,14,4,5,1,0,0,41,43,0,0,35,46,0,0,11,0,0,0,0,0,0,4,72,15,2,2,10,0,0,3,19,166,3,1,1,0,0,0,91,53,0,1,10,7,0,0,42
24,199,2,1,55,8,0,0,2,4,16,47,97,29,3,2,0,1,3,8,141,47,10,9,0,0,0,3,18,27,99,58,11,8,0,0,141,9,0,0,2,2,5,55,124,9,1,3,2,7,34,38,141,21,0,0,3,4,9,23,44,8,4,3,62,51,0,2,141,23,1,0,3,2,0,7,122,28,8,29,15,2,3,3,141,12,0,3,5,3,3,26,28,0,0,0,96,47,4,11,141,31,6,3,1,0,0,3,97,22,2,6,22,10,1,2,141,30,0,0,3,14,6,17,9,0,0,0,34,109,18,8
31,60,2,0,4,1,0,17,137,3,0,0,48,0,0,6,56,2,0,5,137,7,0,0,0,0,0,16,130,10,0,0,12,0,0,0,3,0,0,1,137,17,0,0,54,1,0,5,90,5,0,5,137,10,0,0,1,0,0,10,137,11,0,0,14,1,0,6,1,0,0,4,137,25,0,0,42,4,0,22,73,2,0,5,137,6,0,1,2,0,1,50,129,0,0,0,14,2,1,35,0,0,0,6,137,12,0,0,7,0,0,4,71,9,1,10,103,3,0,0,9,3,2,106,123,0,0,0,9,1,1,47
35,124,2,0,17,0,0,113,117,0,0,5,72,2,0,3,3,0,0,29,17,7,1,3,2,0,0,11,3,2,1,44,14,0,0,0,6,1,0,151,151,0,0,2,118,19,3,23,27,0,0,12,33,29,15,1,0,0,0,0,7,9,3,30,16,0,0,0,1,0,0,151,151,0,0,0,102,7,1,49,94,0,0,24,53,9,8,0,0,0,0,14,3,6,2,11,17,0,0,0,0,0,0,151,151,0,0,1,65,5,2,113,145,0,0,7,65,11,2,2,0,0,0,5,5,2,1,8,7,0,0,4
40,139,3,0,16,1,0,0,1,1,4,12,80,0,0,0,1,14,6,33,188,2,0,0,0,0,1,44,24,2,0,2,38,5,0,1,11,1,0,1,6,9,3,5,103,0,0,0,18,60,10,34,188,9,0,1,4,4,2,47,35,3,0,3,49,23,2,0,1,0,0,0,20,17,3,1,144,23,0,0,50,50,1,6,188,60,0,2,6,1,0,7,40,1,0,24,86,10,0,1,0,0,0,0,18,28,8,3,172,40,0,0,31,27,1,1,188,62,0,0,0,0,0,7,28,0,0,19,66,6,1,8
43,203,2,0,12,48,1,0,0,7,96,19,12,33,2,0,0,0,69,83,4,11,2,0,22,63,16,23,0,0,4,6,51,57,0,0,33,8,0,0,0,66,136,73,136,21,0,0,0,2,77,136,36,1,0,0,27,77,14,32,0,0,1,1,21,52,2,3,136,136,0,0,0,14,37,26,136,136,0,0,6,18,4,15,22,6,0,0,17,60,18,9,2,2,0,0,24,64,1,1,130,136,0,0,0,4,0,1,26,91,2,0,31,48,1,0,9,6,3,1,25,37,4,5,8,2,0,0,20,35,1,5
50,22,3,0,0,0,5,19,130,133,0,0,100,14,9,5,11,24,2,8,133,33,0,0,0,0,0,4,11,4,0,8,46,0,0,0,0,9,71,89,50,30,0,0,74,26,111,86,12,0,0,2,133,14,4,5,2,0,0,24,20,1,0,5,67,0,0,2,12,87,36,12,16,5,0,0,35,30,39,61,133,51,0,3,133,15,1,5,16,6,0,8,27,5,0,5,74,0,0,0,22,62,2,0,47,38,0,0,43,12,0,0,133,120,1,3,133,22,0,0,4,5,0,4,19,2,0,1,64,0,0,0
50,187,3,1,25,21,4,2,47,132,31,4,51,132,89,12,44,44,3,3,89,132,21,2,11,6,0,3,43,24,2,5,30,25,5,7,122,132,0,0,1,132,40,7,105,112,1,3,38,20,2,9,123,5,0,3,15,14,4,40,77,30,2,6,41,22,4,6,63,132,4,3,8,17,2,0,21,30,9,35,36,8,0,2,120,26,5,15,9,3,1,9,73,34,5,14,54,19,1,2,5,52,1,0,5,35,17,6,14,7,2,6,20,14,13,15,94,34,2,3,7,2,0,2,55,30,7,28,23,0,0,2
59,203,3,0,12,0,0,0,34,168,43,18,168,7,0,0,2,16,32,94,50,4,0,3,40,14,3,15,2,0,0,7,41,4,2,5,51,5,0,0,27,148,19,19,168,11,0,0,4,3,4,34,89,10,1,9,66,12,0,5,8,7,2,24,38,1,0,3,59,27,14,7,11,18,1,2,168,43,1,1,6,1,0,10,86,14,3,13,59,18,1,8,16,8,1,4,43,32,0,4,33,21,51,25,5,16,10,7,168,70,4,3,6,2,4,49,40,18,4,15,48,2,0,6,3,11,2,1,86,101,0,0
76,167,3,0,92,0,0,0,0,0,0,17,167,0,0,0,0,0,0,51,58,0,0,12,13,0,1,20,1,0,0,19,145,8,0,1,105,0,0,0,0,0,0,21,167,11,0,0,0,0,0,16,92,12,1,3,7,4,1,6,3,2,0,8,167,38,1,1,96,0,0,0,0,0,0,23,167,5,0,0,0,0,0,22,83,2,0,0,14,19,7,15,2,7,3,33,166,23,2,0,69,0,0,0,0,0,0,16,167,3,0,0,0,0,1,15,44,0,0,0,6,6,14,22,1,0,0,10,76,25,2,2
81,209,2,0,0,21,58,13,6,19,24,0,18,17,31,34,6,17,21,6,148,101,3,2,1,0,2,14,28,24,2,3,26,3,0,0,5,4,7,2,1,78,148,14,51,6,1,3,3,28,148,74,148,13,0,0,1,1,13,110,36,2,3,4,21,9,0,7,30,53,5,0,0,15,41,12,130,71,1,0,0,0,16,20,148,82,0,0,0,0,1,15,34,3,0,0,28,43,1,3,4,41,34,4,0,0,0,0,144,52,4,1,0,0,0,0,148,61,0,0,6,7,0,0,12,12,0,1,33,74,0,0
90,74,2,0,2,0,0,0,43,9,0,2,64,0,0,1,45,13,1,17,145,0,0,10,104,1,0,30,83,0,0,11,119,0,0,17,0,0,0,0,45,23,3,2,82,0,0,1,60,28,0,9,145,4,0,17,106,1,0,15,70,0,0,24,145,0,0,18,0,0,0,0,44,38,4,3,91,8,0,0,32,35,1,2,145,21,0,23,85,0,0,3,38,2,0,38,145,0,0,14,0,0,0,0,50,19,0,1,66,14,0,1,15,9,0,7,145,4,0,7,58,0,0,37,28,0,0,25,145,0,0,8
95,236,2,0,14,0,0,0,16,17,1,3,152,18,0,0,0,2,1,7,58,5,0,1,45,11,0,1,0,0,0,25,152,3,0,0,24,0,0,0,21,39,3,10,152,3,0,0,0,3,1,25,71,4,0,4,64,8,0,2,0,0,0,17,152,8,0,0,32,32,0,0,4,47,3,4,152,91,0,0,1,2,1,14,54,8,0,1,59,33,1,5,0,0,0,18,152,12,0,0,15,152,10,0,3,4,0,0,65,152,2,4,6,0,0,1,6,11,1,17,68,7,0,0,0,0,0,12,152,2,0,0
102,206,3,0,32,60,10,0,0,2,2,2,168,16,2,0,0,0,0,16,168,0,0,1,19,9,0,30,21,25,2,6,72,46,0,0,9,53,33,11,0,0,0,0,168,16,13,12,0,0,0,32,168,11,4,13,14,0,0,75,27,49,44,43,31,2,0,1,31,18,7,12,3,0,0,0,135,40,7,21,5,0,0,3,168,79,3,1,0,0,0,9,32,13,25,15,0,0,0,2,28,2,0,0,6,2,0,8,149,17,0,1,8,2,0,2,168,32,0,0,0,0,0,4,17,1,0,1,1,1,3,12
123,236,3,0,0,0,0,0,2,8,2,1,57,0,0,0,3,11,2,23,127,0,0,11,78,0,0,39,1,0,0,49,165,0,0,0,1,0,0,0,6,17,1,0,50,1,0,0,14,22,2,22,165,6,0,7,60,1,1,54,5,0,0,60,165,0,0,1,0,0,0,3,13,22,4,0,70,11,0,0,11,16,4,2,165,45,0,6,40,0,0,3,6,2,0,60,165,0,0,0,0,0,0,9,24,4,0,0,87,10,0,1,10,9,1,2,165,27,0,1,25,7,0,1,1,0,0,35,165,6,0,0
127,184,2,0,5,0,0,0,0,0,4,54,112,0,0,0,0,0,0,86,177,0,0,0,0,0,0,60,39,0,0,6,23,1,0,8,10,4,0,0,0,0,1,15,175,9,0,0,0,0,0,52,177,2,0,0,0,0,0,35,70,0,0,6,18,2,0,7,24,6,0,0,0,0,3,6,177,33,0,0,0,0,0,6,177,15,0,0,0,0,0,10,74,2,3,6,4,1,0,4,15,16,7,0,0,0,0,7,140,23,1,0,0,0,0,15,177,8,0,0,0,0,0,20,71,1,1,1,0,0,0,7
128,23,3,0,54,12,0,0,0,0,0,11,168,14,0,0,0,0,0,13,168,10,0,0,0,0,0,9,35,4,0,7,33,0,0,0,80,15,0,0,0,0,0,15,168,18,0,0,0,0,0,11,168,6,0,0,0,0,0,5,49,1,0,2,40,0,0,0,71,3,0,0,0,0,0,27,168,9,0,0,0,0,0,22,168,6,0,0,0,0,0,4,48,0,0,2,34,0,0,1,56,25,0,0,0,0,0,1,168,30,0,0,0,0,0,3,168,3,0,0,0,0,0,6,39,0,0,1,23,0,0,1
135,192,3,0,49,36,0,0,0,0,0,6,159,11,0,0,0,0,0,20,57,0,0,15,62,3,0,6,0,0,0,58,159,2,0,0,54,1,0,0,0,0,0,46,159,6,0,0,0,0,0,28,75,0,0,5,36,23,3,7,0,0,0,70,159,4,1,0,61,6,0,0,0,0,0,37,159,24,0,0,1,0,0,16,68,4,0,5,40,4,0,1,3,0,0,35,159,4,0,0,68,24,0,0,0,0,0,2,159,52,0,0,0,0,0,0,33,6,3,9,14,2,0,0,2,2,1,37,159,0,0,0
150,39,3,0,0,0,1,3,6,5,1,0,48,3,0,0,0,0,1,6,158,27,0,0,0,0,0,19,158,3,0,0,0,0,0,95,1,0,0,3,19,9,2,2,80,4,0,0,0,1,1,15,158,44,0,0,0,0,0,10,158,26,0,0,0,0,0,61,4,0,0,2,34,8,0,2,83,13,0,0,1,1,0,18,158,18,0,0,0,0,0,60,158,57,0,0,0,0,0,22,1,0,0,4,32,1,0,1,31,4,0,1,2,0,0,32,158,0,0,0,0,0,0,105,158,7,0,0,0,0,0,53
159,224,3,0,7,18,7,43,52,0,0,0,18,28,15,7,2,0,0,1,66,18,39,17,3,0,0,19,148,3,2,1,0,0,0,148,12,12,3,77,148,0,0,2,48,48,13,2,0,0,0,4,16,18,41,28,0,0,0,5,148,8,14,8,0,0,0,148,23,2,0,121,148,0,0,8,68,10,1,3,3,0,0,32,33,9,9,9,12,6,0,14,148,5,4,4,14,15,5,66,40,1,0,112,148,2,0,24,52,5,1,9,21,1,0,14,45,1,1,5,18,1,1,19,66,9,12,10,20,2,0,40
162,22,3,0,80,52,0,0,0,0,0,0,151,44,0,0,0,0,0,2,151,6,0,0,0,0,0,9,18,2,0,3,38,0,0,0,151,46,0,0,0,0,0,6,151,58,0,0,0,0,0,4,151,2,0,0,0,0,0,29,31,0,0,3,47,0,0,5,151,28,0,0,0,0,0,3,151,16,0,0,0,0,0,3,151,6,0,0,0,0,0,5,42,1,0,3,39,0,0,1,104,44,0,0,0,0,0,3,113,4,0,0,0,0,0,20,151,11,0,0,0,0,0,3,29,0,0,0,28,2,0,2
164,109,3,0,19,0,0,0,1,1,0,2,72,4,0,0,2,2,0,2,174,15,0,10,23,0,0,6,18,2,0,38,141,1,0,0,18,4,0,0,1,0,0,0,100,4,0,0,2,1,0,3,174,11,0,4,20,0,0,7,30,1,0,27,174,9,0,0,11,3,0,1,2,1,1,1,103,2,0,0,2,1,0,3,174,7,0,1,20,0,0,6,35,2,1,17,174,7,0,0,6,3,0,1,1,0,0,0,70,1,0,0,2,0,0,5,174,0,0,2,8,0,0,24,34,0,0,78,105,0,0,2
183,132,3,0,2,3,7,4,118,80,0,1,0,2,18,27,19,2,0,0,2,13,10,10,5,2,0,0,48,142,0,0,1,1,0,0,5,1,1,1,28,60,29,27,32,10,26,24,3,0,14,24,19,109,72,42,0,0,0,0,95,142,8,0,0,1,0,0,11,13,6,7,18,13,22,14,107,33,7,0,0,0,7,45,142,132,22,3,0,0,0,26,142,142,1,0,10,37,1,1,19,42,10,5,5,1,0,0,29,95,33,16,0,0,0,5,142,95,12,11,0,0,0,13,113,28,0,4,35,56,3,3
187,62,2,1,2,27,1,0,26,80,0,0,20,116,0,0,1,2,2,2,31,65,0,0,8,15,21,13,1,4,0,0,168,117,6,1,15,62,5,0,5,8,8,8,15,50,0,0,0,21,43,9,20,4,0,0,28,18,44,24,1,0,0,3,168,84,5,0,10,2,0,0,1,4,32,18,24,3,0,0,0,9,44,26,70,19,1,6,50,5,3,7,2,12,17,43,168,25,0,0,5,4,0,2,8,4,4,6,36,81,1,0,2,1,3,10,31,128,37,22,20,0,0,0,0,168,168,80,82,0,0,0
187,62,2,0,2,4,5,22,0,0,7,5,26,21,7,0,0,0,2,4,11,13,14,45,9,0,3,5,0,0,0,23,6,0,10,105,0,6,25,120,11,0,0,0,33,29,30,10,0,0,0,4,49,12,9,50,3,0,0,13,1,1,4,113,10,0,1,5,0,0,14,98,66,32,55,2,3,5,55,28,1,2,58,17,43,32,19,8,0,0,13,16,13,13,19,101,4,0,0,4,0,0,0,146,146,67,134,8,0,0,1,4,10,16,146,94,12,2,1,0,0,0,146,146,8,2,4,20,1,0,112,121
203,147,3,0,0,2,3,44,68,5,1,0,62,41,6,7,2,1,1,11,85,63,42,4,0,0,1,16,150,23,24,3,3,1,8,55,0,1,1,14,121,13,0,0,84,8,2,2,8,3,1,25,150,79,26,9,8,0,0,17,64,35,26,16,24,13,25,23,0,1,0,2,113,17,1,0,98,2,0,0,16,25,4,15,150,24,0,2,34,24,1,31,96,35,0,3,78,61,6,12,0,0,0,7,113,17,1,0,85,17,0,0,11,26,4,10,150,29,0,0,38,24,2,25,140,67,0,0,52,33,1,4
217,215,2,0,1,2,1,0,3,3,14,9,82,1,0,1,9,5,2,40,158,0,0,2,18,0,0,90,11,0,0,26,158,1,0,4,13,26,17,10,3,0,1,2,74,4,6,22,20,2,0,19,158,9,0,1,15,1,0,53,32,1,0,7,158,8,0,5,46,7,2,6,8,2,2,15,70,11,2,24,40,8,1,3,158,31,0,5,14,0,0,11,37,4,0,37,158,3,0,1,21,0,0,0,1,4,13,33,36,0,0,0,12,15,8,17,158,2,0,1,4,0,0,111,38,0,0,46,144,1,0,24
230,119,3,0,86,0,0,6,69,2,0,42,125,0,0,3,33,2,0,8,55,0,0,0,35,25,2,12,47,1,0,0,1,2,1,11,125,0,0,0,42,13,4,97,125,4,0,0,40,11,1,4,73,0,0,0,87,42,4,25,86,0,0,0,4,6,1,39,125,4,0,0,3,5,4,105,125,18,0,0,23,9,2,10,68,1,0,0,124,39,2,16,125,0,0,0,12,13,1,33,125,14,0,0,0,0,0,24,125,44,0,1,23,0,0,4,54,3,0,4,125,4,0,2,125,0,0,4,17,4,0,4
235,73,3,0,1,0,0,0,7,29,18,12,46,12,0,0,0,6,16,23,187,158,0,0,0,1,0,1,53,68,4,6,5,1,0,0,4,4,17,7,4,13,10,4,117,5,0,0,0,2,7,40,187,53,0,0,0,0,0,19,50,17,2,1,3,12,7,11,4,5,8,7,36,35,11,1,162,3,0,0,1,9,12,14,187,9,0,0,1,2,2,16,43,9,0,0,4,27,23,11,4,0,0,0,7,25,37,16,144,3,0,0,0,3,15,22,187,8,0,0,2,1,0,20,42,38,1,1,6,4,0,3
236,56,3,0,136,16,1,4,2,0,0,28,13,17,3,7,12,13,1,2,136,37,1,4,8,9,0,5,76,6,0,0,0,0,10,39,136,0,0,0,0,1,4,136,36,3,0,0,10,54,15,23,136,13,0,0,3,13,2,20,41,1,0,0,0,0,17,40,136,0,0,0,0,1,1,136,84,12,1,6,15,15,3,45,136,20,0,0,0,1,1,22,23,0,0,0,0,0,7,40,136,0,0,0,0,2,4,136,136,7,0,0,1,0,2,94,121,19,0,0,0,0,0,7,20,2,0,1,2,3,2,10
240,186,3,0,5,7,0,0,1,16,21,7,4,85,65,1,27,51,13,1,9,124,59,1,3,2,0,2,106,72,12,0,0,0,0,33,71,90,7,0,0,1,6,27,124,124,106,14,0,2,3,4,15,64,113,93,12,0,0,1,24,9,5,19,3,0,0,43,49,124,48,9,0,0,0,1,124,53,28,20,1,0,0,38,76,4,6,119,75,0,0,21,1,0,0,53,37,0,0,5,91,40,9,20,4,0,0,14,94,12,11,36,5,0,0,22,110,3,1,62,35,0,0,35,1,0,0,85,53,0,0,0
240,218,3,0,19,0,0,0,0,2,8,25,48,2,0,0,4,9,5,21,151,7,0,1,19,1,0,59,15,0,0,15,151,2,0,4,37,1,0,0,2,4,3,13,48,2,0,0,4,18,25,21,151,10,0,0,15,13,4,44,30,0,0,3,151,92,4,5,32,2,0,0,8,8,4,11,70,10,2,5,13,15,7,11,151,22,0,2,50,20,1,29,15,0,0,9,151,151,43,4,6,3,0,0,1,2,2,9,43,9,0,0,6,8,2,8,151,22,0,13,37,0,0,21,13,3,0,99,151,18,8,1
241,229,2,0,30,0,0,1,22,18,9,39,142,0,0,0,0,0,3,90,37,1,0,0,2,11,29,55,164,3,0,0,3,11,13,81,46,6,7,22,39,1,0,20,164,28,2,0,2,2,0,47,56,6,0,3,38,58,37,13,164,49,1,2,7,26,45,46,68,17,6,16,30,1,0,7,143,37,4,0,2,3,9,44,22,3,1,6,35,46,22,30,164,47,2,5,8,11,5,56,72,30,4,1,10,1,0,2,23,38,13,11,1,0,0,8,12,10,1,2,15,14,3,10,164,76,0,0,5,6,1,15
246,64,2,0,35,1,0,0,2,9,10,7,194,15,0,0,0,0,1,9,154,4,0,0,1,13,14,17,30,20,0,0,0,28,23,4,61,3,0,0,1,6,12,14,194,16,0,0,0,0,1,12,160,15,1,2,14,11,3,7,72,89,2,1,3,6,3,0,70,6,0,0,0,2,27,25,194,41,0,0,0,0,1,29,159,50,0,0,1,1,1,23,80,88,0,0,0,0,0,0,14,4,0,0,0,0,1,0,104,37,0,0,0,0,0,0,57,67,0,0,0,0,0,1,25,50,1,0,0,0,0,0
247,115,2,0,6,0,0,0,0,0,0,1,62,0,0,0,1,1,0,18,20,0,0,0,49,25,1,8,102,10,0,0,11,4,0,5,79,0,0,0,0,0,0,5,167,6,0,0,7,5,0,26,96,9,0,0,120,59,2,10,167,51,0,0,15,8,0,0,105,1,0,0,0,0,0,1,167,11,0,0,12,9,1,9,112,28,0,0,97,45,1,4,145,65,0,0,9,15,0,0,79,0,0,0,0,0,0,3,167,1,0,0,4,11,3,39,104,46,0,0,20,32,3,12,74,38,0,0,20,34,1,1
246,145,3,0,0,0,0,0,0,0,0,0,6,0,1,34,3,0,0,13,1,0,148,148,5,0,0,1,0,1,148,148,77,0,0,0,3,0,0,3,31,1,0,5,88,5,1,5,15,0,0,23,19,3,32,38,15,0,0,1,0,0,17,148,148,0,0,0,65,0,0,12,41,2,1,59,104,5,0,9,23,1,0,13,32,1,1,12,15,0,0,4,0,0,0,55,148,0,0,0,148,0,0,3,32,2,0,67,70,0,0,2,41,7,2,36,49,3,4,9,5,0,0,12,0,0,1,22,148,1,0,0
248,180,3,0,0,0,0,0,0,0,0,0,8,15,1,5,55,39,10,0,75,122,21,4,28,6,0,0,42,77,42,7,0,0,0,2,0,0,0,0,0,0,4,7,77,17,0,0,3,22,30,42,122,119,20,0,1,2,0,122,39,33,76,61,0,0,0,70,4,11,8,0,0,0,4,13,122,102,3,0,0,0,13,38,122,116,23,3,0,0,0,73,49,6,16,15,0,0,0,122,0,71,116,4,0,0,0,0,63,122,102,21,0,0,0,3,122,34,22,10,0,0,0,60,19,5,26,18,1,1,4,45
251,204,3,2,0,0,0,0,0,1,2,0,0,0,0,0,0,0,0,0,0,0,0,0,0,0,0,0,0,0,0,0,0,0,0,0,0,4,54,26,0,46,59,12,73,12,65,8,0,20,13,20,143,14,6,0,15,8,0,54,17,0,0,0,86,42,0,4,0,24,143,142,18,3,3,0,43,79,143,38,0,1,0,2,143,143,48,6,43,8,0,12,22,6,1,5,143,37,0,1,1,6,13,34,80,16,0,0,77,71,34,6,5,0,0,0,78,127,10,2,75,14,0,0,2,5,6,6,129,34,0,0
251,191,3,0,0,0,0,0,0,20,19,0,51,0,0,2,2,110,127,34,127,1,0,0,0,6,95,127,7,2,2,0,0,10,101,29,0,0,0,2,0,1,0,0,78,5,3,68,12,5,3,25,127,70,4,5,1,0,0,73,30,63,77,1,0,0,2,6,0,0,0,0,0,0,0,0,39,8,1,59,67,23,2,12,127,73,2,8,13,5,28,127,29,43,55,1,0,0,94,127,0,0,0,0,0,0,0,0,2,0,0,0,5,16,23,11,94,2,0,0,1,8,38,127,77,26,10,0,0,0,40,100
9,155,3,0,10,2,0,31,156,20,0,2,156,23,0,8,92,9,3,48,49,2,0,1,16,21,21,23,2,1,4,14,17,3,5,16,15,1,0,40,156,28,2,7,156,32,1,13,134,14,1,27,87,12,1,46,81,9,6,16,40,3,6,12,12,3,5,45,8,1,0,18,156,56,9,9,156,29,3,25,132,10,1,22,103,4,2,51,23,0,0,7,6,0,0,12,5,0,0,4,4,1,1,16,87,20,2,6,59,16,3,21,41,0,0,0,14,0,0,0,0,0,0,0,0,0,0,0,0,0,0,0
10,246,4,0,2,0,0,0,0,0,0,0,37,0,0,0,0,0,0,0,10,0,0,0,0,0,0,1,0,0,0,0,0,0,0,1,38,0,0,0,0,0,0,0,229,9,0,0,0,0,0,5,154,9,0,0,1,4,4,8,5,0,0,0,0,8,42,13,51,0,0,0,0,0,0,0,229,9,0,0,0,0,0,7,193,5,0,0,31,27,4,8,16,3,0,0,20,39,41,18,42,1,0,0,0,0,0,0,229,19,0,0,0,0,0,1,136,6,0,2,45,38,1,3,42,23,1,3,25,21,1,2
27,222,3,0,2,0,0,1,24,66,66,9,51,6,0,0,3,24,75,68,114,53,1,1,1,1,0,9,18,13,3,42,40,0,0,0,19,1,0,6,136,74,13,8,136,21,0,0,15,21,18,54,136,15,0,0,0,0,0,13,49,3,1,36,41,1,0,5,26,8,7,31,136,32,1,7,136,38,8,11,11,1,0,11,136,4,0,0,0,10,12,34,30,1,0,3,15,37,86,22,23,16,6,11,38,15,1,11,108,93,6,3,1,0,0,1,71,17,1,0,33,94,19,15,21,0,0,0,18,131,107,69
28,95,3,1,0,175,68,0,0,156,9,0,0,65,17,0,1,175,54,0,0,1,0,6,36,175,21,0,1,30,7,6,20,25,0,0,4,35,8,0,0,175,84,2,38,10,2,4,1,175,39,7,4,6,13,51,19,9,1,0,4,49,23,14,4,0,0,0,36,10,0,0,0,137,51,5,100,9,0,1,0,5,4,21,15,2,9,25,2,7,4,7,0,9,11,4,1,24,9,0,33,26,0,0,0,1,0,3,47,15,0,0,0,2,12,12,6,0,0,0,0,39,42,6,0,7,1,0,0,65,34,0
52,246,3,0,13,1,0,0,0,0,0,0,193,61,0,0,0,0,0,0,139,23,0,1,12,18,1,3,9,24,5,5,9,6,0,0,34,3,0,0,0,0,0,0,193,40,0,0,0,0,0,3,138,25,7,0,4,4,0,6,5,62,6,0,1,1,0,0,53,3,0,0,0,0,0,0,193,19,0,0,0,0,0,32,149,18,2,0,0,0,0,54,18,30,1,0,4,46,3,3,54,6,0,0,0,0,0,0,193,49,0,0,0,0,0,11,116,37,1,1,2,2,3,28,6,1,2,3,21,68,8,7
61,23,3,0,0,5,27,36,94,100,0,0,38,19,95,62,16,3,0,0,125,11,6,7,4,0,0,13,15,1,0,7,94,0,0,1,8,60,19,6,17,16,0,0,21,32,34,37,125,48,0,3,125,5,1,6,27,13,0,11,29,2,0,9,119,0,0,0,9,76,10,3,38,18,0,0,40,11,1,1,125,125,1,4,125,13,0,0,12,12,0,7,29,2,0,9,111,0,0,0,0,53,26,10,113,63,0,0,47,0,0,1,125,103,2,8,125,1,0,0,1,1,0,14,25,0,0,10,73,0,0,0
61,23,3,0,8,0,0,57,78,0,0,9,49,9,1,95,105,0,0,0,131,17,0,4,6,19,6,24,16,0,0,0,28,82,5,8,38,0,0,27,48,0,0,39,48,8,1,108,131,0,0,0,131,17,1,10,30,15,1,10,18,1,0,0,45,52,4,4,87,0,0,7,17,0,0,72,24,3,0,101,131,0,0,6,131,5,0,24,35,29,50,66,37,6,0,0,18,55,54,25,91,0,0,0,2,0,0,75,13,0,0,61,79,0,0,15,2,0,0,60,106,23,58,17,113,22,0,2,6,14,69,40
72,204,3,0,4,4,4,4,21,120,2,0,141,49,1,0,1,11,3,4,127,26,0,1,10,7,1,1,2,1,1,5,20,7,0,1,5,12,51,24,11,22,13,2,141,106,10,5,1,2,4,17,87,41,2,13,19,5,0,3,1,4,1,2,32,90,2,0,16,3,9,5,2,62,141,35,141,15,0,1,0,5,40,141,102,4,0,6,44,25,0,24,2,37,5,3,90,96,0,0,58,43,5,0,0,6,30,15,141,50,0,0,0,0,3,19,96,10,0,0,44,56,0,6,14,70,3,1,38,26,0,0
94,38,4,0,0,0,0,45,40,0,0,0,84,14,2,16,4,0,0,0,174,55,0,0,9,9,0,2,56,8,0,0,113,82,1,2,0,0,0,65,57,0,0,0,114,10,2,38,12,0,0,0,174,17,0,0,18,29,5,39,29,0,0,0,105,111,5,11,0,0,0,88,61,0,0,0,86,14,2,40,21,0,0,0,174,18,0,1,19,21,3,28,13,0,0,0,81,66,4,7,0,0,0,60,54,0,0,1,59,10,1,40,30,0,0,0,174,12,0,0,7,25,5,23,4,0,0,0,35,51,2,3
99,219,3,0,2,5,2,3,103,117,8,4,23,0,0,0,7,36,23,115,10,0,0,1,0,0,12,143,15,11,8,7,1,0,11,143,12,2,1,34,143,38,2,3,106,24,1,3,12,6,2,20,34,28,8,0,0,0,3,79,57,2,2,0,0,0,4,143,7,3,6,143,127,0,0,2,80,14,12,90,8,0,0,17,43,10,6,1,0,0,0,39,17,1,3,2,1,0,1,71,12,0,0,143,25,0,0,45,9,2,5,143,48,0,0,4,18,1,1,16,3,0,2,36,12,1,0,1,1,0,3,22
116,160,3,0,12,114,97,30,55,14,0,0,5,21,18,16,38,35,4,1,14,14,4,0,2,5,7,7,133,18,0,0,0,0,0,11,6,59,44,20,133,99,0,0,41,9,2,2,72,77,6,7,40,56,8,0,0,0,0,1,133,93,0,0,0,0,0,1,14,12,1,0,133,133,0,1,80,1,0,0,38,29,1,27,100,15,0,0,0,0,0,21,133,23,0,0,0,0,0,3,4,1,0,0,133,101,0,1,46,1,0,0,10,4,0,27,97,0,0,0,0,0,0,32,133,2,0,0,0,0,0,7
164,30,3,0,52,10,0,0,0,0,0,1,142,42,0,0,0,0,0,0,142,19,0,0,0,0,0,22,142,0,0,1,4,0,0,25,69,3,0,0,0,0,0,16,142,24,0,0,0,0,0,18,142,27,0,0,0,0,0,20,142,0,0,0,2,0,0,43,61,6,0,0,0,0,0,7,142,17,0,0,0,0,0,12,142,3,0,0,0,0,0,25,142,0,0,0,0,0,0,28,54,15,1,1,0,0,0,0,142,43,0,0,0,0,0,1,107,6,0,0,0,0,0,30,142,0,0,0,0,0,0,34
168,143,3,0,0,0,4,36,46,14,5,0,32,30,30,17,6,2,0,2,174,140,2,0,0,0,0,1,76,40,0,1,63,2,0,0,0,0,1,4,8,19,43,13,85,18,11,5,1,1,13,18,174,78,0,0,0,0,0,4,60,11,0,0,79,28,1,2,1,0,0,0,1,5,10,10,117,0,0,0,0,0,13,40,174,3,0,0,1,0,0,41,53,0,0,0,119,50,0,4,0,0,0,0,4,8,2,1,90,0,0,0,0,2,3,23,174,6,0,0,3,1,0,27,47,1,0,0,139,67,0,2
171,223,3,0,18,8,0,7,140,1,0,0,43,26,8,2,0,0,0,2,48,12,25,11,0,0,0,3,192,20,2,0,0,0,0,47,20,11,0,11,175,6,0,0,75,17,1,0,2,0,0,4,75,7,4,2,23,13,2,9,192,43,0,0,0,1,1,25,26,1,0,0,90,50,2,11,70,4,0,0,2,0,0,22,61,17,15,12,19,2,0,7,192,24,3,0,0,0,0,56,20,0,0,0,5,19,6,34,64,1,0,0,0,0,0,30,53,13,6,0,0,0,0,22,192,40,1,0,0,0,0,7
214,50,3,0,20,4,5,7,40,1,0,11,82,6,1,6,35,1,0,0,159,3,0,0,0,0,0,38,106,2,1,11,6,0,0,31,76,0,0,10,33,3,0,43,86,8,5,29,19,0,0,0,159,5,0,0,0,0,0,56,125,2,1,2,0,0,0,132,140,6,2,3,3,0,0,25,52,20,20,19,2,0,0,0,159,13,2,1,0,0,1,52,59,0,0,0,0,0,6,159,124,5,1,0,0,0,0,64,33,6,2,1,4,12,3,11,146,0,0,0,0,1,3,45,29,0,0,0,0,0,13,73
218,225,4,0,71,3,0,0,0,1,2,17,27,2,0,0,0,0,6,28,97,1,1,0,0,4,12,44,127,0,0,0,69,15,0,58,108,0,0,0,0,2,14,41,72,22,7,3,1,0,3,27,127,25,11,19,14,1,2,6,127,26,0,0,101,18,0,10,127,0,0,0,0,3,7,30,115,3,0,0,1,2,6,50,127,25,1,5,13,11,11,30,127,40,0,6,127,9,0,20,124,0,0,1,3,5,3,33,68,0,0,0,0,2,4,46,110,1,0,0,1,7,19,48,127,1,0,2,90,36,2,43
226,162,4,0,51,4,0,0,117,64,0,0,4,2,0,1,84,62,2,0,80,73,0,0,1,8,4,2,53,65,0,0,1,23,7,2,47,2,0,14,122,28,0,1,24,2,0,49,107,11,0,6,122,51,0,2,7,4,2,27,58,122,0,0,0,8,2,4,33,0,0,9,110,57,3,8,28,2,1,53,111,26,2,6,122,77,0,5,19,3,0,9,86,91,0,0,1,2,0,2,10,0,0,0,51,112,44,13,30,2,0,0,27,102,83,37,122,58,0,0,5,7,10,96,41,18,0,0,3,8,0,22
242,187,3,0,0,0,0,2,8,3,1,0,26,76,7,10,20,3,7,14,118,111,2,0,0,0,8,74,53,3,7,15,0,0,9,113,28,7,0,0,6,7,16,22,118,118,41,4,11,6,5,11,34,114,83,44,0,0,0,8,5,1,6,25,0,0,16,77,91,83,10,0,0,0,1,28,118,108,10,0,0,0,0,54,84,13,29,96,1,0,0,72,2,0,8,118,3,0,0,4,44,86,100,33,1,0,0,2,93,63,18,4,0,0,1,31,63,5,10,11,0,0,5,95,11,0,9,102,1,0,1,52
16,185,4,2,130,144,3,1,21,71,3,2,52,65,0,0,9,58,47,26,144,11,0,0,0,3,17,68,132,37,56,33,7,1,0,16,67,128,1,0,5,21,27,27,45,4,0,0,60,84,23,30,144,9,0,0,3,6,5,78,144,6,0,0,16,17,2,60,41,24,3,6,20,22,15,23,46,29,20,30,36,18,1,4,144,63,5,1,1,1,0,2,144,18,0,0,17,54,9,23,13,8,1,2,6,1,0,0,6,9,8,11,0,0,0,0,53,27,1,0,0,0,0,0,17,11,0,0,14,12,0,0
28,126,4,0,46,5,0,0,0,2,0,2,43,0,0,0,9,24,9,18,197,8,0,0,3,3,2,44,63,2,0,8,104,7,0,3,39,0,0,0,1,9,5,13,87,3,0,0,20,47,5,5,197,27,0,0,2,3,1,10,80,3,0,11,129,14,1,7,16,8,2,0,13,7,1,4,119,0,0,0,39,28,1,6,197,4,0,0,0,2,2,35,52,0,0,3,87,29,6,23,0,3,3,0,20,8,3,3,104,1,0,0,41,19,0,6,197,17,0,0,0,0,0,16,34,4,0,2,21,5,1,7
66,89,4,0,52,2,0,2,44,3,1,13,59,0,0,0,52,32,6,17,134,7,0,1,66,5,0,2,8,0,0,1,113,6,0,1,41,6,0,6,98,6,4,13,61,0,0,0,18,48,16,27,134,10,0,7,79,4,1,10,14,1,0,12,134,0,0,1,46,0,0,2,134,10,5,6,79,3,0,0,26,18,26,22,134,23,1,16,66,0,0,9,13,2,1,43,134,0,0,0,55,2,0,16,134,8,1,5,104,8,0,3,59,17,16,28,134,17,0,6,50,0,0,13,11,1,2,25,134,0,0,0
91,227,4,0,0,0,0,18,22,2,0,1,77,0,0,5,12,2,1,73,59,0,0,117,86,0,0,56,0,0,0,122,122,0,0,0,0,0,0,45,62,13,0,0,48,2,0,2,42,28,6,57,122,11,0,32,33,2,2,104,4,1,0,122,122,0,0,1,0,0,1,122,84,5,0,0,43,64,17,41,45,15,0,3,122,88,3,10,5,1,2,27,9,3,1,122,94,1,1,9,11,0,8,121,25,0,0,5,7,52,45,96,17,2,2,0,52,34,1,1,2,4,13,31,30,9,6,42,18,0,1,12
119,109,4,0,0,0,1,7,38,1,0,0,80,12,7,14,10,2,0,1,165,26,0,0,7,25,9,29,61,2,0,0,71,140,13,17,0,1,1,7,42,2,0,0,89,5,3,9,16,24,4,15,165,5,0,0,19,51,11,71,88,8,0,0,52,128,11,20,4,6,4,9,35,1,0,0,94,25,8,40,38,4,0,2,165,34,0,2,36,34,4,12,123,4,0,0,50,46,3,13,24,7,0,2,26,4,0,0,86,24,2,19,49,0,0,0,165,23,0,1,38,39,1,8,92,0,0,0,29,35,4,26
137,151,4,0,21,7,0,12,17,0,0,0,119,20,0,2,6,5,7,7,95,70,4,4,27,6,3,4,15,22,3,4,157,33,0,0,18,6,0,2,10,6,1,3,73,7,0,0,4,32,53,36,157,15,0,0,50,15,18,45,21,2,0,5,157,49,0,1,2,3,2,10,8,2,1,1,77,14,1,13,33,20,7,6,157,44,0,10,50,3,1,8,17,3,0,67,157,5,0,0,0,2,3,25,17,18,0,0,92,7,0,2,20,44,5,5,157,27,0,9,18,0,0,1,14,2,0,73,157,0,0,0
150,25,4,0,35,1,0,0,4,4,0,9,158,3,0,0,0,0,0,28,158,0,0,1,6,0,0,26,16,0,0,16,91,0,0,1,55,11,0,0,1,1,0,1,158,32,0,0,0,0,0,7,158,1,0,0,3,0,0,34,31,0,0,19,103,0,0,3,82,8,0,0,1,0,0,4,158,39,0,0,0,0,0,5,158,7,0,0,1,0,0,38,46,0,0,18,86,0,0,9,66,4,0,0,0,0,0,6,158,10,0,0,0,0,0,8,158,1,0,0,0,0,0,27,54,0,0,9,53,0,0,7
180,99,4,0,132,0,0,0,2,1,0,89,63,0,0,0,19,12,3,33,97,7,0,3,28,4,0,16,3,0,0,8,120,29,0,0,132,3,0,0,0,0,0,32,120,2,0,0,21,10,2,24,132,4,0,0,45,12,1,37,4,0,0,0,132,39,0,1,132,10,1,0,0,0,0,4,132,10,0,0,21,7,0,7,132,23,0,0,59,18,0,3,2,0,0,0,132,38,0,0,132,6,0,0,0,0,0,9,109,2,0,0,1,3,4,15,88,2,0,0,57,21,1,6,0,0,0,0,99,28,0,0
193,24,4,0,88,43,0,0,0,0,0,0,138,36,0,0,0,0,0,4,138,6,0,0,6,0,0,4,19,0,0,0,96,3,0,0,138,47,0,0,0,0,0,0,138,24,0,0,0,0,0,13,138,4,0,0,8,0,0,27,23,0,0,0,123,4,0,2,138,46,0,0,0,0,0,0,129,22,0,0,0,0,0,2,138,19,0,0,8,0,0,9,23,1,0,1,124,1,0,1,113,19,0,0,0,0,0,8,98,20,0,0,0,0,0,7,138,18,0,0,6,0,0,7,18,0,0,0,94,4,0,1
201,65,4,0,0,8,2,0,67,199,8,2,20,0,0,0,15,199,32,24,4,0,7,6,9,11,1,2,31,22,3,2,1,0,0,0,8,0,0,0,97,199,6,8,136,3,0,0,1,29,7,36,28,5,3,4,18,7,0,2,84,51,0,0,5,3,0,0,22,5,0,0,49,86,1,2,173,28,0,0,1,2,0,5,37,14,1,4,17,5,0,1,121,69,0,0,1,0,0,0,39,6,0,0,2,10,6,7,122,36,0,0,0,0,0,3,25,24,6,3,1,0,0,0,91,35,0,0,0,0,0,8
204,101,4,0,89,6,0,0,0,0,0,0,175,45,0,0,0,0,0,2,84,27,0,0,37,17,0,1,65,21,0,4,12,6,0,1,112,9,0,0,0,0,0,0,175,24,0,0,2,1,0,6,115,10,0,0,47,19,1,4,99,13,0,4,14,1,0,4,113,10,0,1,0,0,0,1,175,27,0,0,1,4,2,23,101,11,0,0,16,30,5,16,100,36,0,1,16,6,0,3,84,43,2,5,0,0,0,0,175,99,0,0,4,5,0,1,85,15,0,0,8,15,2,7,88,16,0,0,27,29,0,3
236,162,4,0,9,0,0,19,133,12,0,2,51,4,0,22,45,3,0,10,133,38,0,0,0,0,0,16,54,77,0,1,6,0,0,0,11,0,0,27,117,26,1,4,54,1,0,53,72,13,1,6,133,56,0,1,2,0,0,10,74,39,0,0,9,5,0,0,6,0,0,0,52,133,30,6,40,0,0,2,28,118,84,47,133,20,0,0,1,3,14,133,43,5,0,0,7,11,1,44,0,0,0,0,16,133,60,3,2,0,0,0,6,93,108,54,21,0,0,0,0,0,31,133,9,0,0,0,1,1,0,49
238,209,4,0,15,1,0,0,0,0,0,13,48,0,0,22,25,1,0,63,2,1,3,57,45,0,0,1,0,1,3,22,19,1,0,0,55,123,102,6,1,0,0,19,123,123,13,30,20,0,0,85,30,9,9,123,88,0,0,3,0,2,15,59,11,0,0,0,27,123,123,51,16,0,0,0,123,62,18,22,10,0,0,77,62,6,2,123,85,0,0,43,0,1,14,67,44,1,0,0,45,25,5,58,64,0,0,1,76,0,0,28,47,0,0,58,111,0,0,35,63,0,0,70,1,0,0,53,79,3,2,1
21,101,5,0,0,0,0,0,0,0,0,0,5,0,1,10,3,0,0,3,119,4,4,17,5,0,0,50,89,2,2,119,119,0,0,23,5,1,1,54,39,0,0,1,50,17,13,33,14,0,0,4,117,14,30,16,0,1,0,32,119,1,0,51,119,0,0,66,4,1,1,119,119,0,0,1,50,8,3,68,96,1,0,3,36,3,5,6,12,16,7,28,119,0,0,22,77,2,3,113,32,3,2,109,119,0,0,8,13,14,3,90,119,0,0,0,8,8,3,28,32,2,0,6,78,0,0,10,29,1,1,75
22,230,4,0,180,0,0,0,0,0,0,28,39,0,0,0,0,4,23,17,5,4,0,0,2,11,27,7,12,15,1,1,5,1,0,0,180,0,0,0,0,1,0,80,104,0,0,0,14,49,34,33,94,13,0,0,1,12,32,34,42,27,2,10,11,0,0,1,180,0,0,0,0,1,0,70,130,12,1,2,32,25,1,29,152,36,0,0,4,3,3,8,47,6,0,3,9,4,25,13,180,0,0,0,0,0,0,62,138,34,1,1,2,1,0,26,42,42,0,0,7,31,9,4,13,0,0,0,3,39,68,35
35,60,5,0,45,3,0,4,28,0,0,6,28,1,0,20,127,13,2,15,127,1,0,2,53,22,3,55,8,0,0,3,127,65,6,16,118,21,1,12,28,0,0,0,44,6,1,54,127,0,0,0,127,11,0,10,94,3,0,5,11,6,14,43,127,7,0,3,115,13,2,2,31,4,0,2,41,1,0,3,127,22,0,3,127,2,0,1,84,12,0,21,8,7,5,13,127,10,0,2,77,0,0,0,28,5,1,12,21,4,2,9,127,20,0,2,102,10,2,5,44,5,0,9,12,9,1,10,73,3,0,1
35,60,5,0,72,5,0,0,10,11,1,8,46,7,0,7,102,11,2,4,128,26,0,1,22,5,2,9,33,8,0,9,80,0,0,0,128,14,0,1,7,7,6,13,83,16,0,16,128,5,0,0,128,32,0,2,42,2,0,1,33,6,0,1,111,16,1,2,128,12,0,3,12,6,13,36,93,4,0,4,128,19,0,7,128,2,0,0,41,8,1,45,27,0,0,0,114,27,1,10,128,77,6,15,10,0,0,1,44,22,3,50,128,2,0,1,128,15,2,12,26,1,0,18,24,0,0,5,49,4,0,3
41,12,6,2,0,0,0,0,0,0,0,0,91,0,0,0,12,2,0,3,45,25,2,6,113,8,0,3,65,51,1,2,5,14,17,10,0,0,0,0,0,0,0,0,127,2,0,0,20,3,0,1,41,9,0,1,121,35,20,22,88,124,0,0,3,10,30,40,1,0,0,0,0,0,0,0,128,4,1,2,19,3,0,3,32,133,52,26,117,20,3,5,90,133,22,3,25,63,3,7,2,0,0,0,0,0,0,0,130,58,3,1,1,0,0,0,52,133,56,9,21,10,0,0,2,109,25,5,124,105,0,0
41,12,6,0,130,59,0,0,7,124,12,6,12,2,0,1,116,130,23,7,0,0,0,6,113,17,1,0,0,0,0,0,0,0,0,0,50,53,1,4,109,130,15,5,113,7,2,7,39,130,36,34,17,0,0,19,110,1,0,2,0,0,0,0,0,0,0,0,5,13,30,35,130,130,0,0,130,23,27,25,35,9,1,6,28,0,0,18,117,0,0,1,0,0,0,0,1,0,0,0,0,21,19,12,61,37,0,0,95,1,3,8,49,27,2,16,31,0,0,18,87,0,0,1,0,0,0,0,3,0,0,0
43,120,5,0,42,7,0,0,102,21,0,1,62,11,0,0,27,6,0,1,127,4,0,0,0,0,1,29,143,0,0,0,16,3,0,30,59,12,0,7,143,10,0,0,84,11,0,1,27,4,0,3,111,5,0,0,0,14,9,32,143,15,0,0,26,3,1,28,56,16,2,24,143,0,0,0,48,9,4,8,26,5,2,7,143,11,0,0,5,29,7,10,143,30,0,0,28,8,1,9,32,10,1,6,143,13,1,1,3,8,6,4,23,11,4,6,143,10,0,0,18,16,1,6,143,14,0,0,11,5,1,10
184,114,5,0,41,3,0,1,2,0,0,0,136,13,0,5,23,0,0,0,18,3,0,31,135,0,0,0,0,0,0,51,136,2,0,0,41,7,4,17,7,0,0,0,136,13,1,11,20,0,0,0,32,4,4,75,125,0,0,0,0,0,3,131,136,0,0,0,23,12,7,34,40,2,1,6,136,17,1,3,9,0,0,46,40,2,2,58,98,0,0,17,3,3,4,136,134,0,0,0,17,1,0,21,83,3,1,8,135,8,0,0,0,0,0,52,45,1,0,21,43,1,1,35,7,1,1,45,82,0,0,1
216,93,5,0,1,3,2,13,0,0,0,0,125,4,0,0,0,0,0,11,182,23,0,0,0,0,0,36,81,6,0,0,1,3,4,33,0,0,1,49,10,0,0,0,161,8,1,5,1,0,0,2,182,36,0,0,2,1,0,7,92,16,0,1,9,4,1,7,0,0,0,29,31,0,0,0,145,6,1,11,9,0,0,3,182,5,0,0,0,1,1,31,113,9,0,1,8,4,2,13,0,0,0,17,12,0,0,0,91,33,4,20,6,0,0,0,182,66,0,0,0,0,1,12,101,13,0,0,11,11,1,11
218,107,5,0,76,1,0,0,0,0,0,18,176,1,0,0,0,0,0,78,128,1,0,0,0,0,2,46,22,0,0,0,31,26,3,23,87,2,0,1,0,0,0,5,176,29,0,0,0,0,0,22,141,19,0,0,6,3,4,21,34,3,0,4,37,26,3,15,68,3,1,8,3,0,0,4,176,4,0,0,0,0,0,39,156,6,0,0,7,5,1,17,50,6,0,13,70,7,0,2,38,3,0,13,7,0,0,2,176,12,0,0,0,0,0,34,136,6,0,0,0,2,4,30,51,7,0,4,67,26,0,2
18,51,6,0,102,10,0,0,1,3,16,32,102,22,1,9,116,8,0,3,127,48,0,2,52,7,0,1,14,5,0,2,80,23,3,1,127,52,5,15,18,5,11,29,127,26,1,14,127,25,0,10,127,9,0,2,64,23,2,37,11,0,0,0,93,43,4,7,127,127,13,17,9,0,0,7,73,62,8,94,127,1,0,1,127,23,2,18,36,3,0,8,6,0,0,3,33,4,0,1,127,18,0,2,2,0,0,39,30,7,1,28,35,0,0,3,4,1,0,3,3,0,0,0,0,0,0,0,0,0,0,0
24,140,6,0,106,4,0,0,1,0,0,22,187,0,0,0,7,2,0,78,91,0,0,0,85,23,1,23,55,0,0,0,4,6,10,33,79,2,0,0,1,2,9,27,187,14,0,0,10,2,3,48,136,5,0,0,124,11,0,8,61,2,0,0,7,4,4,19,69,3,1,1,7,10,7,11,187,10,0,0,8,6,3,22,111,4,0,1,83,23,1,11,40,7,0,1,3,0,0,3,45,0,0,0,10,23,9,16,187,3,0,0,2,2,1,35,37,0,0,1,12,1,0,3,2,0,0,0,0,0,0,0
36,29,6,0,45,4,8,55,3,0,2,35,71,0,0,1,1,11,27,60,134,7,1,26,63,0,2,28,134,3,0,19,61,0,0,16,4,0,2,51,13,1,3,43,67,4,2,37,28,17,42,62,134,12,1,17,79,2,7,95,103,2,0,25,115,2,1,54,3,0,0,9,4,0,0,64,62,39,17,67,20,1,1,40,134,122,14,51,33,0,0,10,59,15,8,125,85,0,0,10,0,0,0,0,0,0,0,11,60,10,2,1,0,0,0,82,134,30,2,15,6,0,0,81,17,3,1,50,22,0,0,4
50,71,6,0,40,0,0,0,42,30,3,12,35,0,0,0,29,21,12,14,113,4,0,8,29,4,7,21,20,1,0,15,62,0,0,1,74,0,0,0,18,31,8,36,77,2,0,10,104,22,3,22,128,13,0,13,40,5,2,24,19,5,2,38,86,0,0,0,127,4,0,1,2,8,16,41,128,12,1,42,128,1,0,9,128,16,0,10,62,2,0,15,20,2,0,8,125,16,5,2,124,6,1,7,8,5,20,60,126,5,0,15,128,3,0,30,128,0,0,4,60,6,1,71,18,0,0,3,104,16,2,12
59,214,6,0,150,60,0,0,0,0,0,0,64,59,0,0,0,4,11,9,32,14,0,1,15,7,30,30,0,0,1,9,50,7,2,1,150,37,0,0,0,8,3,9,33,24,0,0,3,121,43,17,87,5,0,0,2,25,56,77,11,0,0,1,28,24,2,6,150,52,0,0,8,41,7,9,50,5,0,0,31,137,31,23,150,27,0,0,5,15,6,29,15,13,1,0,20,42,1,1,131,35,0,0,35,100,11,3,82,14,1,0,15,103,54,44,150,17,1,0,4,4,5,50,6,34,7,1,13,16,0,1
59,214,6,0,7,7,19,147,43,1,1,5,147,42,23,31,4,0,0,37,47,5,14,147,24,0,0,14,0,0,25,147,7,0,0,0,4,4,60,147,11,1,0,6,53,28,63,145,7,0,0,17,141,16,16,57,7,0,0,28,6,1,17,147,31,0,0,0,31,1,4,24,17,1,1,25,15,10,36,147,8,0,0,7,67,80,57,40,7,0,0,2,6,8,7,75,50,0,0,0,20,0,0,3,16,4,1,20,18,4,10,8,0,0,3,33,10,30,26,12,3,0,4,28,0,4,9,63,25,0,1,3
174,200,6,0,57,31,1,4,82,9,0,1,138,11,0,12,50,6,0,4,19,5,0,58,102,0,0,0,0,0,0,57,81,0,0,0,38,36,1,2,138,57,0,3,138,11,0,7,50,17,1,10,39,5,0,38,138,0,0,0,3,2,4,42,50,0,0,0,32,15,1,1,138,95,0,3,138,15,0,3,29,12,1,14,51,1,0,31,138,3,0,3,15,1,0,6,47,10,2,8,17,19,4,3,75,51,0,0,138,30,1,2,7,0,0,6,50,0,0,29,138,2,0,1,9,0,0,5,59,10,4,14
29,209,9,0,65,0,0,0,0,0,0,5,17,1,0,0,0,0,2,12,0,1,0,0,11,1,0,0,0,0,0,0,3,2,0,0,169,3,0,0,0,0,1,33,169,21,0,3,4,0,9,67,15,9,1,23,97,6,3,4,0,3,0,9,41,17,0,0,169,11,0,0,0,2,1,29,169,21,0,0,2,41,68,66,29,1,0,10,59,25,39,51,0,11,9,9,62,30,0,0,169,7,0,0,1,21,4,37,136,0,0,0,4,116,48,78,107,7,2,0,11,19,8,58,0,11,7,2,62,78,0,0
57,236,9,0,0,0,0,0,0,0,0,0,159,18,0,0,0,0,0,8,158,19,0,0,0,0,3,38,14,8,0,6,36,3,1,3,0,0,0,0,0,0,0,0,159,24,0,0,0,1,1,11,159,28,0,0,0,28,43,39,23,1,0,3,26,14,28,39,8,1,0,0,0,0,0,0,159,30,0,0,0,20,6,20,138,3,0,0,2,108,50,57,96,3,1,0,5,14,8,40,15,3,0,0,0,0,0,0,159,39,0,0,22,31,4,4,128,30,1,1,30,66,24,30,125,36,3,0,10,11,1,19
81,238,7,0,0,0,0,0,0,0,0,0,155,3,0,0,0,0,0,29,125,9,0,0,0,34,27,26,28,0,0,0,3,13,33,44,0,0,0,0,0,0,0,0,155,9,0,0,0,6,2,30,124,1,0,0,4,116,33,47,111,0,0,0,1,18,14,68,2,0,0,0,0,0,0,0,155,23,0,0,12,15,3,6,100,12,1,2,58,104,23,24,155,32,1,0,1,6,7,45,5,0,0,0,0,0,0,0,155,7,0,1,16,6,0,3,77,25,2,8,55,10,0,1,155,48,0,0,5,6,0,0
90,219,8,0,130,1,0,0,0,0,0,11,130,7,0,0,0,38,18,29,54,0,0,0,2,26,33,49,9,2,2,1,19,14,1,5,130,15,0,0,0,1,1,5,130,9,0,0,13,110,32,34,130,7,0,0,2,31,21,83,24,15,5,1,20,25,0,6,130,14,0,0,5,4,0,1,127,25,1,4,76,48,5,6,130,76,2,1,7,9,3,14,33,19,3,1,66,82,0,0,127,10,0,1,3,1,0,0,91,27,3,14,31,4,0,0,130,54,0,0,16,16,0,1,14,2,0,0,82,91,0,0
166,178,8,0,56,0,0,13,76,1,0,52,16,0,0,27,119,2,0,7,110,15,0,8,51,5,0,18,19,13,1,18,119,10,0,0,103,0,0,15,36,0,0,90,38,1,0,65,119,5,0,13,119,21,0,14,80,9,0,8,46,21,2,27,119,11,0,0,90,2,1,5,7,0,0,70,52,4,1,81,119,0,0,34,119,9,2,23,88,21,1,15,69,13,0,0,119,32,0,3,37,0,0,0,0,0,3,100,35,0,0,22,62,4,2,66,54,1,0,20,71,10,1,19,68,4,0,7,75,14,1,9
166,178,8,0,38,25,0,0,79,50,0,0,73,44,1,7,56,8,0,2,95,9,1,23,46,4,0,5,2,1,0,63,79,0,0,0,93,69,0,0,48,40,0,0,75,53,1,3,124,54,1,6,124,4,0,13,63,16,1,23,11,1,0,35,119,1,0,1,124,34,0,0,22,32,3,8,64,19,1,2,124,81,1,3,124,17,0,10,40,5,0,10,23,0,0,32,124,3,2,4,104,50,0,0,26,14,1,3,27,7,0,6,86,29,0,1,124,22,0,5,12,0,0,4,25,4,0,35,124,1,0,1
168,156,7,0,11,0,0,15,75,0,0,7,101,8,0,4,28,3,0,27,15,5,1,19,128,13,0,1,81,48,0,3,16,0,0,0,13,0,0,49,121,4,0,5,128,20,0,12,40,3,0,12,33,15,2,62,128,4,0,0,125,71,3,11,20,0,0,0,21,1,0,74,128,1,0,13,128,7,1,19,53,8,0,16,51,5,0,4,128,33,0,5,128,24,0,1,21,2,0,1,21,1,0,40,68,0,0,31,91,4,1,27,49,7,1,17,40,2,0,3,128,27,1,9,128,23,1,2,9,1,0,2
168,156,7,0,7,1,0,1,128,29,1,2,128,32,0,7,42,3,0,2,50,9,1,16,93,5,1,23,72,1,0,28,22,1,0,37,20,2,0,0,128,30,0,1,128,40,0,4,50,6,0,3,53,10,0,12,128,9,1,17,128,1,0,12,22,2,0,69,21,0,0,0,117,78,3,11,128,5,0,0,32,16,2,55,40,4,0,9,128,24,0,11,128,4,0,4,13,0,0,45,20,1,0,0,74,48,0,3,128,17,0,2,16,5,1,16,24,3,0,25,103,9,0,3,83,1,0,5,9,0,0,14
189,144,9,0,64,3,0,8,22,0,0,23,30,8,1,42,128,1,0,3,120,47,1,12,27,0,0,0,10,6,0,31,128,2,0,0,118,3,0,23,43,2,0,22,71,8,1,45,128,3,0,8,128,29,1,15,39,0,0,8,14,2,0,91,128,0,0,1,80,3,2,59,53,1,0,20,69,1,0,3,128,14,1,21,128,14,2,6,36,1,0,11,23,6,3,87,128,0,0,1,17,0,0,32,40,2,1,28,25,0,0,20,76,13,4,19,127,4,0,10,25,11,11,67,29,3,1,47,48,0,0,23
189,144,9,0,58,0,0,18,26,3,2,49,23,10,10,64,129,5,1,9,78,16,4,18,26,0,0,18,41,2,1,27,19,0,0,29,129,0,0,0,20,6,3,80,35,1,0,7,129,18,2,6,129,19,1,18,70,2,0,2,55,2,0,18,81,3,2,55,129,0,0,1,15,3,0,80,41,0,0,5,129,34,1,14,129,5,0,7,73,8,1,39,46,3,0,18,120,4,0,23,129,4,0,0,12,8,0,23,27,0,0,0,114,52,1,11,129,2,0,3,30,9,1,38,21,1,0,21,65,4,0,7
215,160,8,0,116,7,1,25,53,3,0,5,75,5,0,7,127,31,0,4,127,38,0,3,44,6,0,0,34,8,0,28,127,0,0,0,77,6,2,43,73,3,0,13,70,3,0,3,127,46,1,14,127,47,2,4,33,6,0,2,32,16,4,52,127,0,0,0,27,0,0,24,62,5,2,28,34,0,0,16,108,51,15,19,127,13,1,7,26,19,17,97,43,8,2,50,97,0,0,21,12,0,0,4,42,37,8,39,1,0,0,1,33,127,52,6,22,0,0,0,3,60,47,101,7,0,0,1,3,0,0,19
113,193,10,0,119,0,0,0,0,19,32,75,54,0,0,0,3,12,27,89,8,1,0,5,79,43,0,5,0,6,4,1,91,63,0,0,127,2,0,1,13,27,15,46,127,13,0,1,14,16,10,55,43,5,0,1,127,92,0,3,7,51,16,6,63,31,0,0,127,10,4,3,7,0,0,16,127,23,2,2,26,13,0,6,45,8,0,0,127,85,0,3,58,56,3,2,39,28,0,0,124,8,2,0,0,0,0,24,127,17,1,0,32,9,0,6,45,34,0,2,127,38,0,1,41,55,2,1,62,37,0,0
157,124,11,0,19,17,7,22,9,0,0,0,28,2,4,37,34,0,0,11,56,2,0,104,96,0,0,15,3,0,0,105,109,0,0,24,49,15,6,34,21,0,0,13,41,5,5,87,96,0,0,10,123,12,3,65,72,0,0,6,3,1,0,123,123,1,0,2,33,0,0,62,44,0,0,30,63,5,3,92,71,0,0,31,123,13,3,61,46,0,0,17,16,2,1,123,123,0,0,3,14,0,0,72,32,0,1,40,52,1,1,42,53,2,1,39,88,1,0,20,55,1,0,35,41,3,3,123,64,0,0,17
157,124,11,0,149,7,0,2,0,0,0,14,109,1,0,0,80,38,2,13,71,32,1,3,63,17,0,0,50,5,1,9,36,6,1,19,149,57,1,2,1,3,0,5,119,7,0,0,77,90,4,13,138,14,0,0,65,31,2,19,84,2,0,3,67,12,0,16,149,30,0,0,9,9,0,4,86,8,0,0,77,73,2,5,141,18,0,2,40,19,3,15,80,2,0,3,44,12,1,5,149,10,0,3,14,8,0,5,51,6,0,0,51,21,0,4,56,4,0,0,6,26,10,23,73,1,0,0,7,24,3,6
223,213,16,0,0,0,0,0,0,0,0,0,149,57,0,0,0,0,0,4,149,82,2,1,30,57,5,4,2,13,19,10,64,76,1,0,5,0,0,0,0,0,0,0,149,30,0,0,0,1,11,24,149,17,2,1,17,56,92,35,11,58,43,11,58,78,17,4,6,0,0,0,0,0,0,0,149,14,0,0,0,8,28,24,88,14,0,0,0,37,149,73,83,69,13,5,139,149,14,24,0,0,0,0,0,0,0,0,0,0,0,0,0,0,0,0,1,0,0,0,0,0,0,0,2,0,0,0,12,11,0,0
217,211,18,0,0,0,0,0,0,0,0,0,130,59,0,0,0,0,0,0,150,104,0,0,11,36,7,7,8,0,0,7,96,88,4,2,3,0,0,0,0,0,0,0,150,41,0,0,0,0,6,21,150,29,0,0,16,28,54,42,3,4,6,33,110,75,4,2,4,0,0,0,0,0,0,0,150,15,0,0,0,0,32,35,104,14,1,0,5,7,115,111,39,19,6,11,150,150,3,9,0,0,0,0,0,0,0,0,0,0,0,0,0,0,0,0,7,0,0,0,1,1,0,2,3,0,0,0,40,71,0,0
